This is pdfTeX, Version 3.141592653-2.6-1.40.28 (TeX Live 2025) (preloaded format=pdflatex 2025.8.14)  28 AUG 2025 02:45
entering extended mode
 restricted \write18 enabled.
 %&-line parsing enabled.
**refman
(./refman.tex
LaTeX2e <2025-06-01> patch level 1
L3 programming layer <2025-07-20>
(c:/texlive/2025/texmf-dist/tex/generic/iftex/iftex.sty
Package: iftex 2024/12/12 v1.0g TeX engine tests
)
(c:/texlive/2025/texmf-dist/tex/latex/base/book.cls
Document Class: book 2025/01/22 v1.4n Standard LaTeX document class
(c:/texlive/2025/texmf-dist/tex/latex/base/bk10.clo
File: bk10.clo 2025/01/22 v1.4n Standard LaTeX file (size option)
)
\c@part=\count275
\c@chapter=\count276
\c@section=\count277
\c@subsection=\count278
\c@subsubsection=\count279
\c@paragraph=\count280
\c@subparagraph=\count281
\c@figure=\count282
\c@table=\count283
\abovecaptionskip=\skip49
\belowcaptionskip=\skip50
\bibindent=\dimen148
)
(c:/texlive/2025/texmf-dist/tex/latex/base/ifthen.sty
Package: ifthen 2024/03/16 v1.1e Standard LaTeX ifthen package (DPC)
)
(c:/texlive/2025/texmf-dist/tex/latex/tools/array.sty
Rollback for package 'array' requested -> date 2016-10-06.
         Best approximation is the release introduced on 2016-10-06.

(c:/texlive/2025/texmf-dist/tex/latex/tools/array-2016-10-06.sty
Package: array 2016/10/06 v2.4d Tabular extension package (FMi)
\col@sep=\dimen149
\extrarowheight=\dimen150
\NC@list=\toks17
\extratabsurround=\skip51
\backup@length=\skip52
))
(c:/texlive/2025/texmf-dist/tex/generic/infwarerr/infwarerr.sty
package info suppressed
) (./doxygen.sty
Package: doxygen 
(c:/texlive/2025/texmf-dist/tex/latex/base/alltt.sty
Package: alltt 2024/07/07 v2.0g defines alltt environment
)
(c:/texlive/2025/texmf-dist/tex/latex/tools/calc.sty
Package: calc 2025/03/01 v4.3b Infix arithmetic (KKT,FJ)
\calc@Acount=\count284
\calc@Bcount=\count285
\calc@Adimen=\dimen151
\calc@Bdimen=\dimen152
\calc@Askip=\skip53
\calc@Bskip=\skip54
LaTeX Info: Redefining \setlength on input line 86.
LaTeX Info: Redefining \addtolength on input line 87.
\calc@Ccount=\count286
\calc@Cskip=\skip55
)
(c:/texlive/2025/texmf-dist/tex/latex/float/float.sty
Package: float 2001/11/08 v1.3d Float enhancements (AL)
\c@float@type=\count287
\float@exts=\toks18
\float@box=\box53
\@float@everytoks=\toks19
\@floatcapt=\box54
)
(c:/texlive/2025/texmf-dist/tex/latex/tools/verbatim.sty
Package: verbatim 2024-01-22 v1.5x LaTeX2e package for verbatim enhancements
\every@verbatim=\toks20
\verbatim@line=\toks21
\verbatim@in@stream=\read2
)
(c:/texlive/2025/texmf-dist/tex/latex/xcolor/xcolor.sty
Package: xcolor 2024/09/29 v3.02 LaTeX color extensions (UK)

(c:/texlive/2025/texmf-dist/tex/latex/graphics-cfg/color.cfg
File: color.cfg 2016/01/02 v1.6 sample color configuration
)
Package xcolor Info: Driver file: pdftex.def on input line 274.

(c:/texlive/2025/texmf-dist/tex/latex/graphics-def/pdftex.def
File: pdftex.def 2024/04/13 v1.2c Graphics/color driver for pdftex
)
(c:/texlive/2025/texmf-dist/tex/latex/graphics/mathcolor.ltx)
Package xcolor Info: Model `cmy' substituted by `cmy0' on input line 1349.
Package xcolor Info: Model `hsb' substituted by `rgb' on input line 1353.
Package xcolor Info: Model `RGB' extended on input line 1365.
Package xcolor Info: Model `HTML' substituted by `rgb' on input line 1367.
Package xcolor Info: Model `Hsb' substituted by `hsb' on input line 1368.
Package xcolor Info: Model `tHsb' substituted by `hsb' on input line 1369.
Package xcolor Info: Model `HSB' substituted by `hsb' on input line 1370.
Package xcolor Info: Model `Gray' substituted by `gray' on input line 1371.
Package xcolor Info: Model `wave' substituted by `hsb' on input line 1372.
)
(c:/texlive/2025/texmf-dist/tex/latex/colortbl/colortbl.sty
Package: colortbl 2024/10/29 v1.0k Color table columns (DPC)
\everycr=\toks22
\minrowclearance=\skip56
\rownum=\count288
)
(./longtable_doxygen.sty
Package: longtable_doxygen 2014/10/28 v4.11 Multi-page Table package (DPC) - fr
ozen version for doxygen
\LTleft=\skip57
\LTright=\skip58
\LTpre=\skip59
\LTpost=\skip60
\LTchunksize=\count289
\LTcapwidth=\dimen153
\LT@head=\box55
\LT@firsthead=\box56
\LT@foot=\box57
\LT@lastfoot=\box58
\LT@cols=\count290
\LT@rows=\count291
\c@LT@tables=\count292
\c@LT@chunks=\count293
\LT@p@ftn=\toks23
) (./tabu_doxygen.sty
Package: tabu_doxygen 2011/02/26 v2.8 - flexible LaTeX tabulars (FC), frozen ve
rsion for doxygen

(c:/texlive/2025/texmf-dist/tex/latex/varwidth/varwidth.sty
Package: varwidth 2009/03/30 ver 0.92;  Variable-width minipages
\@vwid@box=\box59
\sift@deathcycles=\count294
\@vwid@loff=\dimen154
\@vwid@roff=\dimen155
)
==> First Aid for varwidth.sty applied!
\c@taburow=\count295
\tabu@nbcols=\count296
\tabu@cnt=\count297
\tabu@Xcol=\count298
\tabu@alloc=\count299
\tabu@nested=\count300
\tabu@target=\dimen156
\tabu@spreadtarget=\dimen157
\tabu@naturalX=\dimen158
\tabucolX=\dimen159
\tabu@Xsum=\dimen160
\extrarowdepth=\dimen161
\abovetabulinesep=\dimen162
\belowtabulinesep=\dimen163
\tabustrutrule=\dimen164
\tabu@thebody=\toks24
\tabu@footnotes=\toks25
\tabu@box=\box60
\tabu@arstrutbox=\box61
\tabu@hleads=\box62
\tabu@vleads=\box63
\tabu@cellskip=\skip61
) (c:/texlive/2025/texmf-dist/tex/latex/fancyvrb/fancyvrb.sty
Package: fancyvrb 2025/07/28 4.6 verbatim text (tvz,hv)

(c:/texlive/2025/texmf-dist/tex/latex/graphics/keyval.sty
Package: keyval 2022/05/29 v1.15 key=value parser (DPC)
\KV@toks@=\toks26
)
\FV@CodeLineNo=\count301
\FV@InFile=\read3
\FV@TabBox=\box64
\c@FancyVerbLine=\count302
\FV@StepNumber=\count303
\FV@OutFile=\write3
)
(c:/texlive/2025/texmf-dist/tex/latex/tools/tabularx.sty
Package: tabularx 2023/12/11 v2.12a `tabularx' package (DPC)
\TX@col@width=\dimen165
\TX@old@table=\dimen166
\TX@old@col=\dimen167
\TX@target=\dimen168
\TX@delta=\dimen169
\TX@cols=\count304
\TX@ftn=\toks27
)
(c:/texlive/2025/texmf-dist/tex/latex/tools/multicol.sty
Package: multicol 2025/05/25 v2.0a multicolumn formatting (FMi)
\c@tracingmulticols=\count305
\mult@box=\box65
\multicol@leftmargin=\dimen170
\c@unbalance=\count306
\c@collectmore=\count307
\doublecol@number=\count308
\multicoltolerance=\count309
\multicolpretolerance=\count310
\full@width=\dimen171
\page@free=\dimen172
\premulticols=\dimen173
\postmulticols=\dimen174
\multicolsep=\skip62
\multicolbaselineskip=\skip63
\partial@page=\box66
\last@line=\box67
\mc@boxedresult=\box68
\maxbalancingoverflow=\dimen175
\mult@rightbox=\box69
\mult@grightbox=\box70
\mult@firstbox=\box71
\mult@gfirstbox=\box72
\@tempa=\box73
\@tempa=\box74
\@tempa=\box75
\@tempa=\box76
\@tempa=\box77
\@tempa=\box78
\@tempa=\box79
\@tempa=\box80
\@tempa=\box81
\@tempa=\box82
\@tempa=\box83
\@tempa=\box84
\@tempa=\box85
\@tempa=\box86
\@tempa=\box87
\@tempa=\box88
\@tempa=\box89
\@tempa=\box90
\@tempa=\box91
\@tempa=\box92
\@tempa=\box93
\@tempa=\box94
\@tempa=\box95
\@tempa=\box96
\@tempa=\box97
\@tempa=\box98
\@tempa=\box99
\@tempa=\box100
\@tempa=\box101
\@tempa=\box102
\@tempa=\box103
\@tempa=\box104
\@tempa=\box105
\@tempa=\box106
\@tempa=\box107
\@tempa=\box108
\c@minrows=\count311
\c@columnbadness=\count312
\c@finalcolumnbadness=\count313
\last@try=\dimen176
\multicolovershoot=\dimen177
\multicolundershoot=\dimen178
\mult@nat@firstbox=\box109
\colbreak@box=\box110
\mc@col@check@num=\count314
\g__mc_curr_col_int=\count315
)
(c:/texlive/2025/texmf-dist/tex/latex/multirow/multirow.sty
Package: multirow 2024/11/12 v2.9 Span multiple rows of a table
\multirow@colwidth=\skip64
\multirow@cntb=\count316
\multirow@dima=\skip65
\bigstrutjot=\dimen179
)
(c:/texlive/2025/texmf-dist/tex/latex/hanging/hanging.sty
Package: hanging 2009/09/02 v1.2b hanging paragraphs and punctuation
\h@ngcommawd=\skip66
\h@ngfstopwd=\skip67
\h@ngquotewd=\skip68
\h@ngdquotewd=\skip69
\h@ngquerywd=\skip70
\h@ngexclwd=\skip71
\h@ngcolonwd=\skip72
\h@ngscolonwd=\skip73
)
(c:/texlive/2025/texmf-dist/tex/generic/iftex/ifpdf.sty
Package: ifpdf 2019/10/25 v3.4 ifpdf legacy package. Use iftex instead.
)
(c:/texlive/2025/texmf-dist/tex/latex/adjustbox/adjustbox.sty
Package: adjustbox 2025/02/26 v1.3c Adjusting TeX boxes (trim, clip, ...)

(c:/texlive/2025/texmf-dist/tex/latex/xkeyval/xkeyval.sty
Package: xkeyval 2022/06/16 v2.9 package option processing (HA)

(c:/texlive/2025/texmf-dist/tex/generic/xkeyval/xkeyval.tex
(c:/texlive/2025/texmf-dist/tex/generic/xkeyval/xkvutils.tex
\XKV@toks=\toks28
\XKV@tempa@toks=\toks29
)
\XKV@depth=\count317
File: xkeyval.tex 2014/12/03 v2.7a key=value parser (HA)
))
(c:/texlive/2025/texmf-dist/tex/latex/adjustbox/adjcalc.sty
Package: adjcalc 2012/05/16 v1.1 Provides advanced setlength with multiple back
-ends (calc, etex, pgfmath)
)
(c:/texlive/2025/texmf-dist/tex/latex/adjustbox/trimclip.sty
Package: trimclip 2025/02/21 v1.2a Trim and clip general TeX material

(c:/texlive/2025/texmf-dist/tex/latex/graphics/graphicx.sty
Package: graphicx 2024/12/31 v1.2e Enhanced LaTeX Graphics (DPC,SPQR)

(c:/texlive/2025/texmf-dist/tex/latex/graphics/graphics.sty
Package: graphics 2024/08/06 v1.4g Standard LaTeX Graphics (DPC,SPQR)

(c:/texlive/2025/texmf-dist/tex/latex/graphics/trig.sty
Package: trig 2023/12/02 v1.11 sin cos tan (DPC)
)
(c:/texlive/2025/texmf-dist/tex/latex/graphics-cfg/graphics.cfg
File: graphics.cfg 2016/06/04 v1.11 sample graphics configuration
)
Package graphics Info: Driver file: pdftex.def on input line 106.
)
\Gin@req@height=\dimen180
\Gin@req@width=\dimen181
)
(c:/texlive/2025/texmf-dist/tex/latex/collectbox/collectbox.sty
Package: collectbox 2022/10/17 v0.4c Collect macro arguments as boxes
\collectedbox=\box111
)
\tc@llx=\dimen182
\tc@lly=\dimen183
\tc@urx=\dimen184
\tc@ury=\dimen185
Package trimclip Info: Using driver 'tc-pdftex.def'.

(c:/texlive/2025/texmf-dist/tex/latex/adjustbox/tc-pdftex.def
File: tc-pdftex.def 2025/02/26 v2.3 Clipping driver for pdftex
))
\adjbox@Width=\dimen186
\adjbox@Height=\dimen187
\adjbox@Depth=\dimen188
\adjbox@Totalheight=\dimen189
\adjbox@pwidth=\dimen190
\adjbox@pheight=\dimen191
\adjbox@pdepth=\dimen192
\adjbox@ptotalheight=\dimen193

(c:/texlive/2025/texmf-dist/tex/latex/ifoddpage/ifoddpage.sty
Package: ifoddpage 2022/10/18 v1.2 Conditionals for odd/even page detection
\c@checkoddpage=\count318
))
(c:/texlive/2025/texmf-dist/tex/latex/amsfonts/amssymb.sty
Package: amssymb 2013/01/14 v3.01 AMS font symbols

(c:/texlive/2025/texmf-dist/tex/latex/amsfonts/amsfonts.sty
Package: amsfonts 2013/01/14 v3.01 Basic AMSFonts support
\@emptytoks=\toks30
\symAMSa=\mathgroup4
\symAMSb=\mathgroup5
LaTeX Font Info:    Redeclaring math symbol \hbar on input line 98.
LaTeX Font Info:    Overwriting math alphabet `\mathfrak' in version `bold'
(Font)                  U/euf/m/n --> U/euf/b/n on input line 106.
))
(c:/texlive/2025/texmf-dist/tex/latex/stackengine/stackengine.sty
Package: stackengine 2021/07/22 v4.11\ Stacking text and objects in convenient 
ways

(c:/texlive/2025/texmf-dist/tex/latex/etoolbox/etoolbox.sty
Package: etoolbox 2025/02/11 v2.5l e-TeX tools for LaTeX (JAW)
\etb@tempcnta=\count319
)
(c:/texlive/2025/texmf-dist/tex/generic/listofitems/listofitems.sty
(c:/texlive/2025/texmf-dist/tex/generic/listofitems/listofitems.tex
\loi_cnt_foreach_nest=\count320
\loi_nestcnt=\count321
)
Package: listofitems 2024/03/09 v1.65 Grab items in lists using user-specified 
sep char (CT)
)
\c@@stackindex=\count322
\@boxshift=\skip74
\stack@tmplength=\skip75
\temp@stkl=\skip76
\@stackedboxwidth=\skip77
\@addedbox=\box112
\@anchorbox=\box113
\@insetbox=\box114
\se@backgroundbox=\box115
\stackedbox=\box116
\@centerbox=\box117
\c@ROWcellindex@=\count323
)
(c:/texlive/2025/texmf-dist/tex/latex/enumitem/enumitem.sty
Package: enumitem 2025/02/06 v3.11 Customized lists
\labelindent=\skip78
\enit@outerparindent=\dimen194
\enit@toks=\toks31
\enit@inbox=\box118
\enit@count@id=\count324
\enitdp@description=\count325
)
(c:/texlive/2025/texmf-dist/tex/generic/alphalph/alphalph.sty
Package: alphalph 2019/12/09 v2.6 Convert numbers to letters (HO)

(c:/texlive/2025/texmf-dist/tex/generic/intcalc/intcalc.sty
Package: intcalc 2019/12/15 v1.3 Expandable calculations with integers (HO)
))
(c:/texlive/2025/texmf-dist/tex/generic/ulem/ulem.sty
\UL@box=\box119
\UL@hyphenbox=\box120
\UL@skip=\skip79
\UL@hook=\toks32
\UL@height=\dimen195
\UL@pe=\count326
\UL@pixel=\dimen196
\ULC@box=\box121
Package: ulem 2019/11/18
\ULdepth=\dimen197
)
\xrefbox=\box122
\xreflength=\skip80
\CodeWidthChar=\skip81
\CodeHeightChar=\skip82
\DoxyCodeWidth=\skip83
\c@DoxyEnumeratei=\count327
\c@DoxyEnumerateii=\count328
\c@DoxyEnumerateiii=\count329
\c@DoxyEnumerateiv=\count330
\c@DoxyEnumeratev=\count331
\c@DoxyEnumeratevi=\count332
\c@DoxyEnumeratevii=\count333
\c@DoxyEnumerateviii=\count334
\c@DoxyEnumerateix=\count335
\c@DoxyEnumeratex=\count336
\c@DoxyEnumeratexi=\count337
\c@DoxyEnumeratexii=\count338
\enitdp@DoxyEnumerate=\count339
\enitdp@DoxyItemize=\count340
\c@subsubsubsection=\count341
\c@subsubsubsubsection=\count342
\c@subsubsubsubsubsection=\count343
\c@subsubsubsubsubsubsection=\count344
)
(c:/texlive/2025/texmf-dist/tex/latex/base/inputenc.sty
Package: inputenc 2024/02/08 v1.3d Input encoding file
\inpenc@prehook=\toks33
\inpenc@posthook=\toks34
)
(c:/texlive/2025/texmf-dist/tex/latex/base/makeidx.sty
Package: makeidx 2021/10/04 v1.0m Standard LaTeX package
)
(c:/texlive/2025/texmf-dist/tex/latex/base/textcomp.sty
Package: textcomp 2024/04/24 v2.1b Standard LaTeX package
)
(c:/texlive/2025/texmf-dist/tex/latex/wasysym/wasysym.sty
Package: wasysym 2020/01/19 v2.4 Wasy-2 symbol support package
\symwasy=\mathgroup6
LaTeX Font Info:    Overwriting symbol font `wasy' in version `bold'
(Font)                  U/wasy/m/n --> U/wasy/b/n on input line 93.
)
(c:/texlive/2025/texmf-dist/tex/generic/iftex/ifxetex.sty
Package: ifxetex 2019/10/25 v0.7 ifxetex legacy package. Use iftex instead.
)
(c:/texlive/2025/texmf-dist/tex/generic/babel/babel.sty
Package: babel 2025/08/03 v25.12 The multilingual framework for LuaLaTeX, pdfLa
TeX and XeLaTeX
\babel@savecnt=\count345
LaTeX Encoding Info:    Redeclaring text command \ij (encoding OT1) on input li
ne 2045.
LaTeX Encoding Info:    Redeclaring text command \IJ (encoding OT1) on input li
ne 2047.
LaTeX Encoding Info:    Redeclaring text command \ij (encoding T1) on input lin
e 2049.
LaTeX Encoding Info:    Redeclaring text command \IJ (encoding T1) on input lin
e 2050.
LaTeX Encoding Info:    Ignoring declaration for text command \ij (encoding ?) 
on input line 2051.
LaTeX Encoding Info:    Ignoring declaration for text command \IJ (encoding ?) 
on input line 2053.
LaTeX Encoding Info:    Ignoring declaration for text command \SS (encoding ?) 
on input line 2078.
\U@D=\dimen198
\l@unhyphenated=\language90

(c:/texlive/2025/texmf-dist/tex/generic/babel/txtbabel.def)
\bbl@readstream=\read4
\bbl@dirlevel=\count346

(c:/texlive/2025/texmf-dist/tex/generic/babel-german/ngerman.ldf
Language: ngerman 2024/12/10 v2.15 German support for babel (post-1996 orthogra
phy)

(c:/texlive/2025/texmf-dist/tex/generic/babel/locale/de/babel-ngerman.tex
Package babel Info: Importing font and identification data for ngerman
(babel)             from babel-de.ini. Reported on input line 12.
)
(c:/texlive/2025/texmf-dist/tex/generic/babel-german/ngermanb.ldf
Language: ngermanb 2024/12/10 v2.15 German support for babel (post-1996 orthogr
aphy)
Package babel Info: Making " an active character on input line 122.
)))
(c:/texlive/2025/texmf-dist/tex/latex/base/fontenc.sty
Package: fontenc 2024/12/21 v2.1c Standard LaTeX package
)
(c:/texlive/2025/texmf-dist/tex/latex/psnfss/helvet.sty
Package: helvet 2020/03/25 PSNFSS-v9.3 (WaS) 
)
(c:/texlive/2025/texmf-dist/tex/latex/psnfss/courier.sty
Package: courier 2020/03/25 PSNFSS-v9.3 (WaS) 
)
(c:/texlive/2025/texmf-dist/tex/latex/geometry/geometry.sty
Package: geometry 2020/01/02 v5.9 Page Geometry

(c:/texlive/2025/texmf-dist/tex/generic/iftex/ifvtex.sty
Package: ifvtex 2019/10/25 v1.7 ifvtex legacy package. Use iftex instead.
)
\Gm@cnth=\count347
\Gm@cntv=\count348
\c@Gm@tempcnt=\count349
\Gm@bindingoffset=\dimen199
\Gm@wd@mp=\dimen256
\Gm@odd@mp=\dimen257
\Gm@even@mp=\dimen258
\Gm@layoutwidth=\dimen259
\Gm@layoutheight=\dimen260
\Gm@layouthoffset=\dimen261
\Gm@layoutvoffset=\dimen262
\Gm@dimlist=\toks35
)
(c:/texlive/2025/texmf-dist/tex/latex/changepage/changepage.sty
Package: changepage 2009/10/20 v1.0c check page and change page layout
\c@cp@cntr=\count350
\cp@tempcnt=\count351
LaTeX Info: Redefining \checkoddpage on input line 59.
)
(c:/texlive/2025/texmf-dist/tex/latex/fancyhdr/fancyhdr.sty
Package: fancyhdr 2025/02/07 v5.2 Extensive control of page headers and footers

\f@nch@headwidth=\skip84
\f@nch@offset@elh=\skip85
\f@nch@offset@erh=\skip86
\f@nch@offset@olh=\skip87
\f@nch@offset@orh=\skip88
\f@nch@offset@elf=\skip89
\f@nch@offset@erf=\skip90
\f@nch@offset@olf=\skip91
\f@nch@offset@orf=\skip92
\f@nch@height=\skip93
\f@nch@footalignment=\skip94
\f@nch@widthL=\skip95
\f@nch@widthC=\skip96
\f@nch@widthR=\skip97
\@temptokenb=\toks36
)
(c:/texlive/2025/texmf-dist/tex/latex/natbib/natbib.sty
Package: natbib 2010/09/13 8.31b (PWD, AO)
\bibhang=\skip98
\bibsep=\skip99
LaTeX Info: Redefining \cite on input line 694.
\c@NAT@ctr=\count352
)
(c:/texlive/2025/texmf-dist/tex/latex/tocloft/tocloft.sty
Package: tocloft 2017/08/31 v2.3i parameterised ToC, etc., typesetting
Package tocloft Info: The document has chapter divisions on input line 51.
\cftparskip=\skip100
\cftbeforetoctitleskip=\skip101
\cftaftertoctitleskip=\skip102
\cftbeforepartskip=\skip103
\cftpartnumwidth=\skip104
\cftpartindent=\skip105
\cftbeforechapskip=\skip106
\cftchapindent=\skip107
\cftchapnumwidth=\skip108
\cftbeforesecskip=\skip109
\cftsecindent=\skip110
\cftsecnumwidth=\skip111
\cftbeforesubsecskip=\skip112
\cftsubsecindent=\skip113
\cftsubsecnumwidth=\skip114
\cftbeforesubsubsecskip=\skip115
\cftsubsubsecindent=\skip116
\cftsubsubsecnumwidth=\skip117
\cftbeforeparaskip=\skip118
\cftparaindent=\skip119
\cftparanumwidth=\skip120
\cftbeforesubparaskip=\skip121
\cftsubparaindent=\skip122
\cftsubparanumwidth=\skip123
\cftbeforeloftitleskip=\skip124
\cftafterloftitleskip=\skip125
\cftbeforefigskip=\skip126
\cftfigindent=\skip127
\cftfignumwidth=\skip128
\c@lofdepth=\count353
\c@lotdepth=\count354
\cftbeforelottitleskip=\skip129
\cftafterlottitleskip=\skip130
\cftbeforetabskip=\skip131
\cfttabindent=\skip132
\cfttabnumwidth=\skip133
)
\@indexfile=\write4
\openout4 = `refman.idx'.


Writing index file refman.idx
(c:/texlive/2025/texmf-dist/tex/latex/newunicodechar/newunicodechar.sty
Package: newunicodechar 2018/04/08 v1.2 Defining Unicode characters
)
(c:/texlive/2025/texmf-dist/tex/latex/hyperref/hyperref.sty
Package: hyperref 2025-07-12 v7.01o Hypertext links for LaTeX

(c:/texlive/2025/texmf-dist/tex/latex/kvsetkeys/kvsetkeys.sty
Package: kvsetkeys 2022-10-05 v1.19 Key value parser (HO)
)
(c:/texlive/2025/texmf-dist/tex/generic/kvdefinekeys/kvdefinekeys.sty
Package: kvdefinekeys 2019-12-19 v1.6 Define keys (HO)
)
(c:/texlive/2025/texmf-dist/tex/generic/pdfescape/pdfescape.sty
Package: pdfescape 2019/12/09 v1.15 Implements pdfTeX's escape features (HO)

(c:/texlive/2025/texmf-dist/tex/generic/ltxcmds/ltxcmds.sty
Package: ltxcmds 2023-12-04 v1.26 LaTeX kernel commands for general use (HO)
)
(c:/texlive/2025/texmf-dist/tex/generic/pdftexcmds/pdftexcmds.sty
Package: pdftexcmds 2020-06-27 v0.33 Utility functions of pdfTeX for LuaTeX (HO
)
Package pdftexcmds Info: \pdf@primitive is available.
Package pdftexcmds Info: \pdf@ifprimitive is available.
Package pdftexcmds Info: \pdfdraftmode found.
))
(c:/texlive/2025/texmf-dist/tex/latex/hycolor/hycolor.sty
Package: hycolor 2020-01-27 v1.10 Color options for hyperref/bookmark (HO)
)
(c:/texlive/2025/texmf-dist/tex/latex/hyperref/nameref.sty
Package: nameref 2025-06-21 v2.57 Cross-referencing by name of section

(c:/texlive/2025/texmf-dist/tex/latex/refcount/refcount.sty
Package: refcount 2019/12/15 v3.6 Data extraction from label references (HO)
)
(c:/texlive/2025/texmf-dist/tex/generic/gettitlestring/gettitlestring.sty
Package: gettitlestring 2019/12/15 v1.6 Cleanup title references (HO)

(c:/texlive/2025/texmf-dist/tex/latex/kvoptions/kvoptions.sty
Package: kvoptions 2022-06-15 v3.15 Key value format for package options (HO)
))
\c@section@level=\count355
)
(c:/texlive/2025/texmf-dist/tex/generic/stringenc/stringenc.sty
Package: stringenc 2019/11/29 v1.12 Convert strings between diff. encodings (HO
)
)
\@linkdim=\dimen263
\Hy@linkcounter=\count356
\Hy@pagecounter=\count357

(c:/texlive/2025/texmf-dist/tex/latex/hyperref/pd1enc.def
File: pd1enc.def 2025-07-12 v7.01o Hyperref: PDFDocEncoding definition (HO)
Now handling font encoding PD1 ...
... no UTF-8 mapping file for font encoding PD1
)
\Hy@SavedSpaceFactor=\count358

(c:/texlive/2025/texmf-dist/tex/latex/hyperref/puenc.def
File: puenc.def 2025-07-12 v7.01o Hyperref: PDF Unicode definition (HO)
Now handling font encoding PU ...
... no UTF-8 mapping file for font encoding PU
)
Package hyperref Info: Hyper figures OFF on input line 4195.
Package hyperref Info: Link nesting OFF on input line 4200.
Package hyperref Info: Hyper index ON on input line 4203.
Package hyperref Info: Plain pages OFF on input line 4210.
Package hyperref Info: Backreferencing ON on input line 4213.
Package hyperref Info: Implicit mode ON; LaTeX internals redefined.
Package hyperref Info: Bookmarks ON on input line 4462.

(c:/texlive/2025/texmf-dist/tex/latex/hyperref/backref.sty
Package: backref 2025-06-21 v1.45 Bibliographical back referencing

(c:/texlive/2025/texmf-dist/tex/latex/rerunfilecheck/rerunfilecheck.sty
Package: rerunfilecheck 2025-06-21 v1.11 Rerun checks for auxiliary files (HO)

(c:/texlive/2025/texmf-dist/tex/generic/uniquecounter/uniquecounter.sty
Package: uniquecounter 2019/12/15 v1.4 Provide unlimited unique counter (HO)

(c:/texlive/2025/texmf-dist/tex/generic/bigintcalc/bigintcalc.sty
Package: bigintcalc 2019/12/15 v1.5 Expandable calculations on big integers (HO
)
))
Package uniquecounter Info: New unique counter `rerunfilecheck' on input line 2
84.
))
\c@Hy@tempcnt=\count359

(c:/texlive/2025/texmf-dist/tex/latex/url/url.sty
\Urlmuskip=\muskip17
Package: url 2013/09/16  ver 3.4  Verb mode for urls, etc.
)
LaTeX Info: Redefining \url on input line 4801.
\XeTeXLinkMargin=\dimen264

(c:/texlive/2025/texmf-dist/tex/generic/bitset/bitset.sty
Package: bitset 2019/12/09 v1.3 Handle bit-vector datatype (HO)
)
\Fld@menulength=\count360
\Field@Width=\dimen265
\Fld@charsize=\dimen266
Package hyperref Info: Hyper figures OFF on input line 6078.
Package hyperref Info: Link nesting OFF on input line 6083.
Package hyperref Info: Hyper index ON on input line 6086.
Package hyperref Info: backreferencing ON on input line 6091.
Package hyperref Info: Link coloring OFF on input line 6098.
Package hyperref Info: Link coloring with OCG OFF on input line 6103.
Package hyperref Info: PDF/A mode OFF on input line 6108.
\Hy@abspage=\count361
\c@Item=\count362
\c@Hfootnote=\count363
)
Package hyperref Info: Driver: hpdftex.

(c:/texlive/2025/texmf-dist/tex/latex/hyperref/hpdftex.def
File: hpdftex.def 2025-07-12 v7.01o Hyperref driver for pdfTeX
\Fld@listcount=\count364
\c@bookmark@seq@number=\count365
\Hy@SectionHShift=\skip134
)
Package hyperref Info: Option `colorlinks' set `true' on input line 188.
Package hyperref Info: Option `unicode' set `true' on input line 188.

(c:/texlive/2025/texmf-dist/tex/latex/caption/caption.sty
Package: caption 2023/08/05 v3.6o Customizing captions (AR)

(c:/texlive/2025/texmf-dist/tex/latex/caption/caption3.sty
Package: caption3 2023/07/31 v2.4d caption3 kernel (AR)
\caption@tempdima=\dimen267
\captionmargin=\dimen268
\caption@leftmargin=\dimen269
\caption@rightmargin=\dimen270
\caption@width=\dimen271
\caption@indent=\dimen272
\caption@parindent=\dimen273
\caption@hangindent=\dimen274
Package caption Info: Standard document class detected.
)
\c@caption@flags=\count366
\c@continuedfloat=\count367
Package caption Info: changepage package is loaded.
\caption@adjustwidth@hsize=\dimen275
\caption@adjustwidth@linewidth=\dimen276
Package caption Info: float package is loaded.
Package caption Info: hyperref package is loaded.
Package caption Info: longtable package is loaded.

(c:/texlive/2025/texmf-dist/tex/latex/caption/ltcaption.sty
Package: ltcaption 2021/01/08 v1.4c longtable captions (AR)
))
(c:/texlive/2025/texmf-dist/tex/latex/etoc/etoc.sty
Package: etoc 2023/10/29 v1.2d Completely customisable TOCs (JFB)
\Etoc@toctoks=\toks37
\c@etoc@tocid=\count368
\etoc@framed@titlebox=\box123
\etoc@framed@contentsbox=\box124
)
LaTeX Font Info:    Trying to load font information for T1+phv on input line 21
0.

(c:/texlive/2025/texmf-dist/tex/latex/psnfss/t1phv.fd
File: t1phv.fd 2020/03/25 scalable font definitions for T1/phv.
)
LaTeX Font Info:    Font shape `T1/phv/m/n' will be
(Font)              scaled to size 8.99994pt on input line 210.

(c:/texlive/2025/texmf-dist/tex/latex/l3backend/l3backend-pdftex.def
File: l3backend-pdftex.def 2025-06-09 L3 backend support: PDF output (pdfTeX)
\l__color_backend_stack_int=\count369
)
No file refman.aux.
\openout1 = `refman.aux'.

LaTeX Font Info:    Checking defaults for OML/cmm/m/it on input line 210.
LaTeX Font Info:    ... okay on input line 210.
LaTeX Font Info:    Checking defaults for OMS/cmsy/m/n on input line 210.
LaTeX Font Info:    ... okay on input line 210.
LaTeX Font Info:    Checking defaults for OT1/cmr/m/n on input line 210.
LaTeX Font Info:    ... okay on input line 210.
LaTeX Font Info:    Checking defaults for T1/cmr/m/n on input line 210.
LaTeX Font Info:    ... okay on input line 210.
LaTeX Font Info:    Checking defaults for TS1/cmr/m/n on input line 210.
LaTeX Font Info:    ... okay on input line 210.
LaTeX Font Info:    Checking defaults for OMX/cmex/m/n on input line 210.
LaTeX Font Info:    ... okay on input line 210.
LaTeX Font Info:    Checking defaults for U/cmr/m/n on input line 210.
LaTeX Font Info:    ... okay on input line 210.
LaTeX Font Info:    Checking defaults for PD1/pdf/m/n on input line 210.
LaTeX Font Info:    ... okay on input line 210.
LaTeX Font Info:    Checking defaults for PU/pdf/m/n on input line 210.
LaTeX Font Info:    ... okay on input line 210.
(c:/texlive/2025/texmf-dist/tex/context/base/mkii/supp-pdf.mkii
[Loading MPS to PDF converter (version 2006.09.02).]
\scratchcounter=\count370
\scratchdimen=\dimen277
\scratchbox=\box125
\nofMPsegments=\count371
\nofMParguments=\count372
\everyMPshowfont=\toks38
\MPscratchCnt=\count373
\MPscratchDim=\dimen278
\MPnumerator=\count374
\makeMPintoPDFobject=\count375
\everyMPtoPDFconversion=\toks39
) (c:/texlive/2025/texmf-dist/tex/latex/epstopdf-pkg/epstopdf-base.sty
Package: epstopdf-base 2020-01-24 v2.11 Base part for package epstopdf
Package epstopdf-base Info: Redefining graphics rule for `.eps' on input line 4
85.

(c:/texlive/2025/texmf-dist/tex/latex/latexconfig/epstopdf-sys.cfg
File: epstopdf-sys.cfg 2010/07/13 v1.3 Configuration of (r)epstopdf for TeX Liv
e
))
Package babel Info: 'ngerman' activates 'ngerman' shorthands.
(babel)             Reported on input line 210.

*geometry* driver: auto-detecting
*geometry* detected driver: pdftex
*geometry* verbose mode - [ preamble ] result:
* driver: pdftex
* paper: a4paper
* layout: <same size as paper>
* layoutoffset:(h,v)=(0.0pt,0.0pt)
* modes: twoside 
* h-part:(L,W,R)=(71.13188pt, 455.24411pt, 71.13188pt)
* v-part:(T,H,B)=(71.13188pt, 702.78308pt, 71.13188pt)
* \paperwidth=597.50787pt
* \paperheight=845.04684pt
* \textwidth=455.24411pt
* \textheight=702.78308pt
* \oddsidemargin=-1.1381pt
* \evensidemargin=-1.1381pt
* \topmargin=-31.2056pt
* \headheight=12.0pt
* \headsep=18.06749pt
* \topskip=10.0pt
* \footskip=25.29494pt
* \marginparwidth=125.0pt
* \marginparsep=7.0pt
* \columnsep=10.0pt
* \skip\footins=9.0pt plus 4.0pt minus 2.0pt
* \hoffset=0.0pt
* \voffset=0.0pt
* \mag=1000
* \@twocolumnfalse
* \@twosidetrue
* \@mparswitchtrue
* \@reversemarginfalse
* (1in=72.27pt=25.4mm, 1cm=28.453pt)

Package backref Info: ** backref set up for natbib ** on input line 210.
Package hyperref Info: Link coloring ON on input line 210.
\@outlinefile=\write5
\openout5 = `refman.out'.

Package caption Info: Begin \AtBeginDocument code.
Package caption Info: End \AtBeginDocument code.
No file refman.toc.
Package hyperref Info: Option `pageanchor' set `false' on input line 218.
Package hyperref Info: Option `bookmarksnumbered' set `true' on input line 218.

Package hyperref Info: Option `unicode' set `true' on input line 218.
LaTeX Font Info:    Font shape `T1/phv/m/n' will be
(Font)              scaled to size 12.9599pt on input line 223.
LaTeX Font Info:    Font shape `T1/phv/m/n' will be
(Font)              scaled to size 10.79993pt on input line 224.


[1


{c:/texlive/2025/texmf-var/fonts/map/pdftex/updmap/pdftex.map}{c:/texlive/2025/
texmf-dist/fonts/enc/dvips/base/8r.enc}]

[2

]
\tf@toc=\write6
\openout6 = `refman.toc'.

Package hyperref Info: Option `pageanchor' set `true' on input line 235.

Kapitel 1.
LaTeX Font Info:    Font shape `T1/phv/m/n' will be
(Font)              scaled to size 18.66588pt on input line 237.
LaTeX Font Info:    Font shape `T1/phv/b/n' will be
(Font)              scaled to size 18.66588pt on input line 237.
LaTeX Font Info:    Font shape `T1/phv/b/n' will be
(Font)              scaled to size 22.39185pt on input line 237.
(./namespaces.tex
LaTeX Font Info:    Font shape `T1/phv/b/n' will be
(Font)              scaled to size 12.9599pt on input line 1.
LaTeX Font Info:    Font shape `T1/phv/m/n' will be
(Font)              scaled to size 6.29996pt on input line 2.
LaTeX Font Info:    Trying to load font information for U+msa on input line 2.
 (c:/texlive/2025/texmf-dist/tex/latex/amsfonts/umsa.fd
File: umsa.fd 2013/01/14 v3.01 AMS symbols A
)
LaTeX Font Info:    Trying to load font information for U+msb on input line 2.

(c:/texlive/2025/texmf-dist/tex/latex/amsfonts/umsb.fd
File: umsb.fd 2013/01/14 v3.01 AMS symbols B
)
LaTeX Font Info:    Trying to load font information for U+wasy on input line 2.


(c:/texlive/2025/texmf-dist/tex/latex/wasysym/uwasy.fd
File: uwasy.fd 2020/01/19 v2.4 Wasy-2 symbol font definitions
)
LaTeX Font Info:    Font shape `T1/phv/b/n' will be
(Font)              scaled to size 8.99994pt on input line 3.


LaTeX Warning: Reference `namespace_logger' on page 1 undefined on input line 3
.


LaTeX Warning: Reference `namespace_utils' on page 1 undefined on input line 4.


)

LaTeX Font Info:    Font shape `T1/phv/b/n' will be
(Font)              scaled to size 6.29996pt on input line 239.
[1


]

Package babel Info: 'ngerman' activates 'ngerman' shorthands.
(babel)             Reported on input line 239.
[2

]
Kapitel 2.
(./annotated.tex

LaTeX Warning: Reference `class_actuator' on page 3 undefined on input line 3.


LaTeX Warning: Reference `struct_command' on page 3 undefined on input line 4.


LaTeX Warning: Reference `class_commands' on page 3 undefined on input line 5.


LaTeX Warning: Reference `struct_dh_param' on page 3 undefined on input line 6.



LaTeX Warning: Reference `struct_dh_parameters' on page 3 undefined on input li
ne 7.


LaTeX Warning: Reference `class_joint' on page 3 undefined on input line 8.


LaTeX Warning: Reference `class_kinematic' on page 3 undefined on input line 9.



LaTeX Warning: Reference `struct_matrix4x4' on page 3 undefined on input line 1
0.


LaTeX Warning: Reference `struct_pos_data' on page 3 undefined on input line 11
.


LaTeX Warning: Reference `struct_position' on page 3 undefined on input line 12
.


LaTeX Warning: Reference `class_position_factory' on page 3 undefined on input 
line 13.


LaTeX Warning: Reference `struct_posture' on page 3 undefined on input line 14.



LaTeX Warning: Reference `class_rob_frame' on page 3 undefined on input line 15
.


LaTeX Warning: Reference `structs_position' on page 3 undefined on input line 1
6.


LaTeX Warning: Reference `structs_posture' on page 3 undefined on input line 17
.

)

[3]

[4

]
Kapitel 3.
(./files.tex

LaTeX Warning: Reference `_actuator_8cpp' on page 5 undefined on input line 3.


LaTeX Warning: Reference `_actuator_8hpp' on page 5 undefined on input line 4.


LaTeX Warning: Reference `_commands_8cpp' on page 5 undefined on input line 5.


LaTeX Warning: Reference `_commands_8hpp' on page 5 undefined on input line 6.


LaTeX Warning: Reference `_joint_8cpp' on page 5 undefined on input line 7.


LaTeX Warning: Reference `_joint_8hpp' on page 5 undefined on input line 8.


LaTeX Warning: Reference `_kinematic_8cpp' on page 5 undefined on input line 9.



LaTeX Warning: Reference `_kinematic_8hpp' on page 5 undefined on input line 10
.


LaTeX Warning: Reference `_logger_8cpp' on page 5 undefined on input line 11.


LaTeX Warning: Reference `_logger_8hpp' on page 5 undefined on input line 12.


LaTeX Warning: Reference `main_8cpp' on page 5 undefined on input line 13.


LaTeX Warning: Reference `pins_8h' on page 5 undefined on input line 14.


LaTeX Warning: Reference `_position_factory_8cpp' on page 5 undefined on input 
line 15.


LaTeX Warning: Reference `_position_factory_8hpp' on page 5 undefined on input 
line 16.


LaTeX Warning: Reference `_rob_frame_work_8cpp' on page 5 undefined on input li
ne 17.


LaTeX Warning: Reference `_rob_frame_work_8hpp' on page 5 undefined on input li
ne 18.


LaTeX Warning: Reference `_types_8hpp' on page 5 undefined on input line 19.


LaTeX Warning: Reference `_utilities_8cpp' on page 5 undefined on input line 20
.


LaTeX Warning: Reference `_utilities_8hpp' on page 5 undefined on input line 21
.

)

[5]

[6

]
Kapitel 4.
(./namespace_logger.tex
LaTeX Font Info:    Trying to load font information for TS1+phv on input line 6
.
 (c:/texlive/2025/texmf-dist/tex/latex/psnfss/ts1phv.fd
File: ts1phv.fd 2020/03/25 scalable font definitions for TS1/phv.
)
LaTeX Font Info:    Font shape `TS1/phv/m/n' will be
(Font)              scaled to size 8.99994pt on input line 6.
LaTeX Font Info:    Font shape `T1/phv/b/n' will be
(Font)              scaled to size 10.79993pt on input line 52.
LaTeX Font Info:    Font shape `T1/phv/m/n' will be
(Font)              scaled to size 7.19995pt on input line 56.
LaTeX Font Info:    Trying to load font information for T1+pcr on input line 56
.
(c:/texlive/2025/texmf-dist/tex/latex/psnfss/t1pcr.fd
File: t1pcr.fd 2001/06/04 font definitions for T1/pcr.
)
LaTeX Font Info:    Font shape `T1/pcr/m/it' in size <8> not available
(Font)              Font shape `T1/pcr/m/sl' tried instead on input line 57.
 <./namespace_logger_ac3454daca791b14c075eb59d7eef4394_icgraph.pdf>
<namespace_logger_ac3454daca791b14c075eb59d7eef4394_icgraph.pdf, id=149, 300.12
125pt x 136.51pt>
File: namespace_logger_ac3454daca791b14c075eb59d7eef4394_icgraph.pdf Graphic fi
le (type pdf)
<use namespace_logger_ac3454daca791b14c075eb59d7eef4394_icgraph.pdf>
Package pdftex.def Info: namespace_logger_ac3454daca791b14c075eb59d7eef4394_icg
raph.pdf  used on input line 63.
(pdftex.def)             Requested size: 299.0pt x 136.01183pt.


[7]
LaTeX Font Info:    Font shape `T1/phv/b/n' will be
(Font)              scaled to size 7.19995pt on input line 74.


[8] <./namespace_logger_a83c3562c93d0101fc7fadc86e0482b2d_icgraph.pdf>
<namespace_logger_a83c3562c93d0101fc7fadc86e0482b2d_icgraph.pdf, id=211, 970.62
625pt x 843.15pt>
File: namespace_logger_a83c3562c93d0101fc7fadc86e0482b2d_icgraph.pdf Graphic fi
le (type pdf)
<use namespace_logger_a83c3562c93d0101fc7fadc86e0482b2d_icgraph.pdf>
Package pdftex.def Info: namespace_logger_a83c3562c93d0101fc7fadc86e0482b2d_icg
raph.pdf  used on input line 118.
(pdftex.def)             Requested size: 350.0pt x 304.0355pt.
 <./namespace_logger_a9f18249e59c4bf45798f70f8eed043d5_icgraph.pdf>
<namespace_logger_a9f18249e59c4bf45798f70f8eed043d5_icgraph.pdf, id=219, 446.66
875pt x 99.37125pt>
File: namespace_logger_a9f18249e59c4bf45798f70f8eed043d5_icgraph.pdf Graphic fi
le (type pdf)
<use namespace_logger_a9f18249e59c4bf45798f70f8eed043d5_icgraph.pdf>
Package pdftex.def Info: namespace_logger_a9f18249e59c4bf45798f70f8eed043d5_icg
raph.pdf  used on input line 137.
(pdftex.def)             Requested size: 350.0pt x 77.8671pt.


[9]
LaTeX Font Info:    Font shape `T1/pcr/m/it' in size <7> not available
(Font)              Font shape `T1/pcr/m/sl' tried instead on input line 150.
 <./namespace_logger_a5afb1d40a2ebd9f8bf08ff9527e60713_icgraph.pdf>
<namespace_logger_a5afb1d40a2ebd9f8bf08ff9527e60713_icgraph.pdf, id=240, 461.72
5pt x 249.93375pt>
File: namespace_logger_a5afb1d40a2ebd9f8bf08ff9527e60713_icgraph.pdf Graphic fi
le (type pdf)
<use namespace_logger_a5afb1d40a2ebd9f8bf08ff9527e60713_icgraph.pdf>
Package pdftex.def Info: namespace_logger_a5afb1d40a2ebd9f8bf08ff9527e60713_icg
raph.pdf  used on input line 180.
(pdftex.def)             Requested size: 350.0pt x 189.45584pt.


[10] <./namespace_logger_a06f27eefa1ad22c5b6d4031e5e3c9eb7_cgraph.pdf>
<namespace_logger_a06f27eefa1ad22c5b6d4031e5e3c9eb7_cgraph.pdf, id=261, 310.158
75pt x 136.51pt>
File: namespace_logger_a06f27eefa1ad22c5b6d4031e5e3c9eb7_cgraph.pdf Graphic fil
e (type pdf)
<use namespace_logger_a06f27eefa1ad22c5b6d4031e5e3c9eb7_cgraph.pdf>
Package pdftex.def Info: namespace_logger_a06f27eefa1ad22c5b6d4031e5e3c9eb7_cgr
aph.pdf  used on input line 199.
(pdftex.def)             Requested size: 309.0pt x 135.99933pt.
 <./namespace_logger_a40a58104d9000d80ad6ae05f73b04067_cgraph.pdf>
<namespace_logger_a40a58104d9000d80ad6ae05f73b04067_cgraph.pdf, id=269, 300.121
25pt x 99.37125pt>
File: namespace_logger_a40a58104d9000d80ad6ae05f73b04067_cgraph.pdf Graphic fil
e (type pdf)
<use namespace_logger_a40a58104d9000d80ad6ae05f73b04067_cgraph.pdf>
Package pdftex.def Info: namespace_logger_a40a58104d9000d80ad6ae05f73b04067_cgr
aph.pdf  used on input line 212.
(pdftex.def)             Requested size: 299.0pt x 99.0086pt.


[11] <./namespace_logger_ad26bd9a711be9bdaea919d36aef13ede_icgraph.pdf>
<namespace_logger_ad26bd9a711be9bdaea919d36aef13ede_icgraph.pdf, id=289, 310.15
875pt x 99.37125pt>
File: namespace_logger_ad26bd9a711be9bdaea919d36aef13ede_icgraph.pdf Graphic fi
le (type pdf)
<use namespace_logger_ad26bd9a711be9bdaea919d36aef13ede_icgraph.pdf>
Package pdftex.def Info: namespace_logger_ad26bd9a711be9bdaea919d36aef13ede_icg
raph.pdf  used on input line 225.
(pdftex.def)             Requested size: 309.0pt x 98.99951pt.
)
(./namespace_utils.tex <./namespace_utils_a857ea2cb01ca027105c2aae4e67b6c07_icg
raph.pdf>
<namespace_utils_a857ea2cb01ca027105c2aae4e67b6c07_icgraph.pdf, id=312, 1122.19
25pt x 214.8025pt>
File: namespace_utils_a857ea2cb01ca027105c2aae4e67b6c07_icgraph.pdf Graphic fil
e (type pdf)
<use namespace_utils_a857ea2cb01ca027105c2aae4e67b6c07_icgraph.pdf>
Package pdftex.def Info: namespace_utils_a857ea2cb01ca027105c2aae4e67b6c07_icgr
aph.pdf  used on input line 27.
(pdftex.def)             Requested size: 350.0pt x 66.9945pt.


[12] <./namespace_utils_a34f4c27f7a4bfc7f366e9c3fdaa366e0_cgraph.pdf>
<namespace_utils_a34f4c27f7a4bfc7f366e9c3fdaa366e0_cgraph.pdf, id=340, 287.0725
pt x 99.37125pt>
File: namespace_utils_a34f4c27f7a4bfc7f366e9c3fdaa366e0_cgraph.pdf Graphic file
 (type pdf)
<use namespace_utils_a34f4c27f7a4bfc7f366e9c3fdaa366e0_cgraph.pdf>
Package pdftex.def Info: namespace_utils_a34f4c27f7a4bfc7f366e9c3fdaa366e0_cgra
ph.pdf  used on input line 40.
(pdftex.def)             Requested size: 286.0pt x 99.00253pt.
 <./namespace_utils_a34f4c27f7a4bfc7f366e9c3fdaa366e0_icgraph.pdf>
<namespace_utils_a34f4c27f7a4bfc7f366e9c3fdaa366e0_icgraph.pdf, id=348, 1005.75
75pt x 213.79875pt>
File: namespace_utils_a34f4c27f7a4bfc7f366e9c3fdaa366e0_icgraph.pdf Graphic fil
e (type pdf)
<use namespace_utils_a34f4c27f7a4bfc7f366e9c3fdaa366e0_icgraph.pdf>
Package pdftex.def Info: namespace_utils_a34f4c27f7a4bfc7f366e9c3fdaa366e0_icgr
aph.pdf  used on input line 47.
(pdftex.def)             Requested size: 350.0pt x 74.40005pt.
 <./namespace_utils_a85b751974bf0c2c272eaec7bc89bd742_icgraph.pdf>
<namespace_utils_a85b751974bf0c2c272eaec7bc89bd742_icgraph.pdf, id=359, 995.72p
t x 251.94125pt>
File: namespace_utils_a85b751974bf0c2c272eaec7bc89bd742_icgraph.pdf Graphic fil
e (type pdf)
<use namespace_utils_a85b751974bf0c2c272eaec7bc89bd742_icgraph.pdf>
Package pdftex.def Info: namespace_utils_a85b751974bf0c2c272eaec7bc89bd742_icgr
aph.pdf  used on input line 60.
(pdftex.def)             Requested size: 350.0pt x 88.5575pt.
)

[13]

[14]
Kapitel 5.
(./class_actuator.tex <./class_actuator__coll__graph.pdf>
<class_actuator__coll__graph.pdf, id=385, 727.71875pt x 394.47375pt>
File: class_actuator__coll__graph.pdf Graphic file (type pdf)
<use class_actuator__coll__graph.pdf>
Package pdftex.def Info: class_actuator__coll__graph.pdf  used on input line 13
.
(pdftex.def)             Requested size: 350.0pt x 189.73047pt.
LaTeX Font Info:    Font shape `T1/phv/m/n' will be
(Font)              scaled to size 8.09995pt on input line 28.
LaTeX Font Info:    Font shape `T1/phv/m/it' in size <9> not available
(Font)              Font shape `T1/phv/m/sl' tried instead on input line 28.
LaTeX Font Info:    Font shape `T1/phv/m/sl' will be
(Font)              scaled to size 8.09995pt on input line 28.
LaTeX Font Info:    Font shape `T1/phv/m/it' in size <7> not available
(Font)              Font shape `T1/phv/m/sl' tried instead on input line 33.
LaTeX Font Info:    Font shape `T1/phv/m/sl' will be
(Font)              scaled to size 6.29996pt on input line 33.


[15

]

[16]
! Undefined control sequence.
<argument> ...rtpbox {\@nextchar }\insert@pcolumn 
                                                  \@endpbox \do@row@strut \o...
l.116 \begin{DoxyEnumFields}[2]{Aufzählungswerte}
                                                  
? r
OK, entering \nonstopmode...
! Undefined control sequence.
<argument> ...rtpbox {\@nextchar }\insert@pcolumn 
                                                  \@endpbox \do@row@strut \o...
l.116 \begin{DoxyEnumFields}[2]{Aufzählungswerte}
                                                  
The control sequence at the end of the top line
of your error message was never \def'ed. If you have
misspelled it (e.g., `\hobx'), type `I' and the correct
spelling (e.g., `I\hbox'). Otherwise just continue,
and I'll forget about whatever was undefined.

! Missing # inserted in alignment preamble.
<to be read again> 
                   &
l.141 \end{DoxyEnumFields}
                          
There should be exactly one # between &'s, when an
\halign or \valign is being set up. In this case you had
none, so I've put one in; maybe that will work.

! Missing # inserted in alignment preamble.
<to be read again> 
                   \cr 
l.141 \end{DoxyEnumFields}
                          
There should be exactly one # between &'s, when an
\halign or \valign is being set up. In this case you had
none, so I've put one in; maybe that will work.

! Missing # inserted in alignment preamble.
<to be read again> 
                   &
l.141 \end{DoxyEnumFields}
                          
There should be exactly one # between &'s, when an
\halign or \valign is being set up. In this case you had
none, so I've put one in; maybe that will work.

! Missing # inserted in alignment preamble.
<to be read again> 
                   \cr 
l.141 \end{DoxyEnumFields}
                          
There should be exactly one # between &'s, when an
\halign or \valign is being set up. In this case you had
none, so I've put one in; maybe that will work.

! Missing # inserted in alignment preamble.
<to be read again> 
                   &
l.141 \end{DoxyEnumFields}
                          
There should be exactly one # between &'s, when an
\halign or \valign is being set up. In this case you had
none, so I've put one in; maybe that will work.

! Missing # inserted in alignment preamble.
<to be read again> 
                   \cr 
l.141 \end{DoxyEnumFields}
                          
There should be exactly one # between &'s, when an
\halign or \valign is being set up. In this case you had
none, so I've put one in; maybe that will work.

! Missing # inserted in alignment preamble.
<to be read again> 
                   &
l.141 \end{DoxyEnumFields}
                          
There should be exactly one # between &'s, when an
\halign or \valign is being set up. In this case you had
none, so I've put one in; maybe that will work.

! Missing # inserted in alignment preamble.
<to be read again> 
                   \cr 
l.141 \end{DoxyEnumFields}
                          
There should be exactly one # between &'s, when an
\halign or \valign is being set up. In this case you had
none, so I've put one in; maybe that will work.

! Missing # inserted in alignment preamble.
<to be read again> 
                   &
l.141 \end{DoxyEnumFields}
                          
There should be exactly one # between &'s, when an
\halign or \valign is being set up. In this case you had
none, so I've put one in; maybe that will work.

! Missing # inserted in alignment preamble.
<to be read again> 
                   \cr 
l.141 \end{DoxyEnumFields}
                          
There should be exactly one # between &'s, when an
\halign or \valign is being set up. In this case you had
none, so I've put one in; maybe that will work.

! Missing # inserted in alignment preamble.
<to be read again> 
                   &
l.141 \end{DoxyEnumFields}
                          
There should be exactly one # between &'s, when an
\halign or \valign is being set up. In this case you had
none, so I've put one in; maybe that will work.

! Missing # inserted in alignment preamble.
<to be read again> 
                   \cr 
l.141 \end{DoxyEnumFields}
                          
There should be exactly one # between &'s, when an
\halign or \valign is being set up. In this case you had
none, so I've put one in; maybe that will work.

! Missing # inserted in alignment preamble.
<to be read again> 
                   &
l.141 \end{DoxyEnumFields}
                          
There should be exactly one # between &'s, when an
\halign or \valign is being set up. In this case you had
none, so I've put one in; maybe that will work.

! Missing # inserted in alignment preamble.
<to be read again> 
                   \cr 
l.141 \end{DoxyEnumFields}
                          
There should be exactly one # between &'s, when an
\halign or \valign is being set up. In this case you had
none, so I've put one in; maybe that will work.

! Missing # inserted in alignment preamble.
<to be read again> 
                   &
l.141 \end{DoxyEnumFields}
                          
There should be exactly one # between &'s, when an
\halign or \valign is being set up. In this case you had
none, so I've put one in; maybe that will work.

! Missing # inserted in alignment preamble.
<to be read again> 
                   \cr 
l.141 \end{DoxyEnumFields}
                          
There should be exactly one # between &'s, when an
\halign or \valign is being set up. In this case you had
none, so I've put one in; maybe that will work.

! Missing # inserted in alignment preamble.
<to be read again> 
                   &
l.141 \end{DoxyEnumFields}
                          
There should be exactly one # between &'s, when an
\halign or \valign is being set up. In this case you had
none, so I've put one in; maybe that will work.

! Missing # inserted in alignment preamble.
<to be read again> 
                   \cr 
l.141 \end{DoxyEnumFields}
                          
There should be exactly one # between &'s, when an
\halign or \valign is being set up. In this case you had
none, so I've put one in; maybe that will work.


Package longtable Warning: Column widths have changed
(longtable)                in table 5.1 on input line 141.

! Undefined control sequence.
<argument> ...rtpbox {\@nextchar }\insert@pcolumn 
                                                  \@endpbox \do@row@strut \o...
l.175 \begin{DoxyParams}{Parameter}
                                   
The control sequence at the end of the top line
of your error message was never \def'ed. If you have
misspelled it (e.g., `\hobx'), type `I' and the correct
spelling (e.g., `I\hbox'). Otherwise just continue,
and I'll forget about whatever was undefined.

! Undefined control sequence.
<argument> ...rtpbox {\@nextchar }\insert@pcolumn 
                                                  \@endpbox \do@row@strut \o...
l.175 \begin{DoxyParams}{Parameter}
                                   
The control sequence at the end of the top line
of your error message was never \def'ed. If you have
misspelled it (e.g., `\hobx'), type `I' and the correct
spelling (e.g., `I\hbox'). Otherwise just continue,
and I'll forget about whatever was undefined.

! Missing # inserted in alignment preamble.
<to be read again> 
                   &
l.180 \end{DoxyParams}
                      
There should be exactly one # between &'s, when an
\halign or \valign is being set up. In this case you had
none, so I've put one in; maybe that will work.

! Missing # inserted in alignment preamble.
<to be read again> 
                   \cr 
l.180 \end{DoxyParams}
                      
There should be exactly one # between &'s, when an
\halign or \valign is being set up. In this case you had
none, so I've put one in; maybe that will work.

! Missing # inserted in alignment preamble.
<to be read again> 
                   &
l.180 \end{DoxyParams}
                      
There should be exactly one # between &'s, when an
\halign or \valign is being set up. In this case you had
none, so I've put one in; maybe that will work.

! Missing # inserted in alignment preamble.
<to be read again> 
                   \cr 
l.180 \end{DoxyParams}
                      
There should be exactly one # between &'s, when an
\halign or \valign is being set up. In this case you had
none, so I've put one in; maybe that will work.

! Missing # inserted in alignment preamble.
<to be read again> 
                   &
l.180 \end{DoxyParams}
                      
There should be exactly one # between &'s, when an
\halign or \valign is being set up. In this case you had
none, so I've put one in; maybe that will work.

! Missing # inserted in alignment preamble.
<to be read again> 
                   \cr 
l.180 \end{DoxyParams}
                      
There should be exactly one # between &'s, when an
\halign or \valign is being set up. In this case you had
none, so I've put one in; maybe that will work.

! Missing # inserted in alignment preamble.
<to be read again> 
                   &
l.180 \end{DoxyParams}
                      
There should be exactly one # between &'s, when an
\halign or \valign is being set up. In this case you had
none, so I've put one in; maybe that will work.

! Missing # inserted in alignment preamble.
<to be read again> 
                   \cr 
l.180 \end{DoxyParams}
                      
There should be exactly one # between &'s, when an
\halign or \valign is being set up. In this case you had
none, so I've put one in; maybe that will work.

! Missing # inserted in alignment preamble.
<to be read again> 
                   &
l.180 \end{DoxyParams}
                      
There should be exactly one # between &'s, when an
\halign or \valign is being set up. In this case you had
none, so I've put one in; maybe that will work.

! Missing # inserted in alignment preamble.
<to be read again> 
                   \cr 
l.180 \end{DoxyParams}
                      
There should be exactly one # between &'s, when an
\halign or \valign is being set up. In this case you had
none, so I've put one in; maybe that will work.

! Missing # inserted in alignment preamble.
<to be read again> 
                   &
l.180 \end{DoxyParams}
                      
There should be exactly one # between &'s, when an
\halign or \valign is being set up. In this case you had
none, so I've put one in; maybe that will work.

! Missing # inserted in alignment preamble.
<to be read again> 
                   \cr 
l.180 \end{DoxyParams}
                      
There should be exactly one # between &'s, when an
\halign or \valign is being set up. In this case you had
none, so I've put one in; maybe that will work.

! Missing # inserted in alignment preamble.
<to be read again> 
                   &
l.180 \end{DoxyParams}
                      
There should be exactly one # between &'s, when an
\halign or \valign is being set up. In this case you had
none, so I've put one in; maybe that will work.

! Missing # inserted in alignment preamble.
<to be read again> 
                   \cr 
l.180 \end{DoxyParams}
                      
There should be exactly one # between &'s, when an
\halign or \valign is being set up. In this case you had
none, so I've put one in; maybe that will work.

! Missing # inserted in alignment preamble.
<to be read again> 
                   &
l.180 \end{DoxyParams}
                      
There should be exactly one # between &'s, when an
\halign or \valign is being set up. In this case you had
none, so I've put one in; maybe that will work.

! Missing # inserted in alignment preamble.
<to be read again> 
                   \cr 
l.180 \end{DoxyParams}
                      
There should be exactly one # between &'s, when an
\halign or \valign is being set up. In this case you had
none, so I've put one in; maybe that will work.

! Missing # inserted in alignment preamble.
<to be read again> 
                   &
l.180 \end{DoxyParams}
                      
There should be exactly one # between &'s, when an
\halign or \valign is being set up. In this case you had
none, so I've put one in; maybe that will work.

! Missing # inserted in alignment preamble.
<to be read again> 
                   \cr 
l.180 \end{DoxyParams}
                      
There should be exactly one # between &'s, when an
\halign or \valign is being set up. In this case you had
none, so I've put one in; maybe that will work.


Package longtable Warning: Column widths have changed
(longtable)                in table 5.2 on input line 180.


Underfull \hbox (badness 10000) detected at line 181
[][][]
 []

 <./class_actuator_aa8005479f1c593783dd74c6ebf7ade6b_cgraph.pdf>
<class_actuator_aa8005479f1c593783dd74c6ebf7ade6b_cgraph.pdf, id=538, 417.56pt 
x 155.58125pt>
File: class_actuator_aa8005479f1c593783dd74c6ebf7ade6b_cgraph.pdf Graphic file 
(type pdf)
<use class_actuator_aa8005479f1c593783dd74c6ebf7ade6b_cgraph.pdf>
Package pdftex.def Info: class_actuator_aa8005479f1c593783dd74c6ebf7ade6b_cgrap
h.pdf  used on input line 188.
(pdftex.def)             Requested size: 350.0pt x 130.4167pt.


[17] <./class_actuator_aa8005479f1c593783dd74c6ebf7ade6b_icgraph.pdf>
<class_actuator_aa8005479f1c593783dd74c6ebf7ade6b_icgraph.pdf, id=563, 879.285p
t x 213.79875pt>
File: class_actuator_aa8005479f1c593783dd74c6ebf7ade6b_icgraph.pdf Graphic file
 (type pdf)
<use class_actuator_aa8005479f1c593783dd74c6ebf7ade6b_icgraph.pdf>
Package pdftex.def Info: class_actuator_aa8005479f1c593783dd74c6ebf7ade6b_icgra
ph.pdf  used on input line 195.
(pdftex.def)             Requested size: 350.0pt x 85.1004pt.

! Undefined control sequence.
<argument> ...rtpbox {\@nextchar }\insert@pcolumn 
                                                  \@endpbox \do@row@strut \o...
l.209 \begin{DoxyParams}{Parameter}
                                   
The control sequence at the end of the top line
of your error message was never \def'ed. If you have
misspelled it (e.g., `\hobx'), type `I' and the correct
spelling (e.g., `I\hbox'). Otherwise just continue,
and I'll forget about whatever was undefined.

! Undefined control sequence.
<argument> ...rtpbox {\@nextchar }\insert@pcolumn 
                                                  \@endpbox \do@row@strut \o...
l.209 \begin{DoxyParams}{Parameter}
                                   
The control sequence at the end of the top line
of your error message was never \def'ed. If you have
misspelled it (e.g., `\hobx'), type `I' and the correct
spelling (e.g., `I\hbox'). Otherwise just continue,
and I'll forget about whatever was undefined.

! Missing # inserted in alignment preamble.
<to be read again> 
                   &
l.216 \end{DoxyParams}
                      
There should be exactly one # between &'s, when an
\halign or \valign is being set up. In this case you had
none, so I've put one in; maybe that will work.

! Missing # inserted in alignment preamble.
<to be read again> 
                   \cr 
l.216 \end{DoxyParams}
                      
There should be exactly one # between &'s, when an
\halign or \valign is being set up. In this case you had
none, so I've put one in; maybe that will work.

! Missing # inserted in alignment preamble.
<to be read again> 
                   &
l.216 \end{DoxyParams}
                      
There should be exactly one # between &'s, when an
\halign or \valign is being set up. In this case you had
none, so I've put one in; maybe that will work.

! Missing # inserted in alignment preamble.
<to be read again> 
                   \cr 
l.216 \end{DoxyParams}
                      
There should be exactly one # between &'s, when an
\halign or \valign is being set up. In this case you had
none, so I've put one in; maybe that will work.

! Missing # inserted in alignment preamble.
<to be read again> 
                   &
l.216 \end{DoxyParams}
                      
There should be exactly one # between &'s, when an
\halign or \valign is being set up. In this case you had
none, so I've put one in; maybe that will work.

! Missing # inserted in alignment preamble.
<to be read again> 
                   \cr 
l.216 \end{DoxyParams}
                      
There should be exactly one # between &'s, when an
\halign or \valign is being set up. In this case you had
none, so I've put one in; maybe that will work.

! Missing # inserted in alignment preamble.
<to be read again> 
                   &
l.216 \end{DoxyParams}
                      
There should be exactly one # between &'s, when an
\halign or \valign is being set up. In this case you had
none, so I've put one in; maybe that will work.

! Missing # inserted in alignment preamble.
<to be read again> 
                   \cr 
l.216 \end{DoxyParams}
                      
There should be exactly one # between &'s, when an
\halign or \valign is being set up. In this case you had
none, so I've put one in; maybe that will work.

! Missing # inserted in alignment preamble.
<to be read again> 
                   &
l.216 \end{DoxyParams}
                      
There should be exactly one # between &'s, when an
\halign or \valign is being set up. In this case you had
none, so I've put one in; maybe that will work.

! Missing # inserted in alignment preamble.
<to be read again> 
                   \cr 
l.216 \end{DoxyParams}
                      
There should be exactly one # between &'s, when an
\halign or \valign is being set up. In this case you had
none, so I've put one in; maybe that will work.

! Missing # inserted in alignment preamble.
<to be read again> 
                   &
l.216 \end{DoxyParams}
                      
There should be exactly one # between &'s, when an
\halign or \valign is being set up. In this case you had
none, so I've put one in; maybe that will work.

! Missing # inserted in alignment preamble.
<to be read again> 
                   \cr 
l.216 \end{DoxyParams}
                      
There should be exactly one # between &'s, when an
\halign or \valign is being set up. In this case you had
none, so I've put one in; maybe that will work.

! Missing # inserted in alignment preamble.
<to be read again> 
                   &
l.216 \end{DoxyParams}
                      
There should be exactly one # between &'s, when an
\halign or \valign is being set up. In this case you had
none, so I've put one in; maybe that will work.

! Missing # inserted in alignment preamble.
<to be read again> 
                   \cr 
l.216 \end{DoxyParams}
                      
There should be exactly one # between &'s, when an
\halign or \valign is being set up. In this case you had
none, so I've put one in; maybe that will work.

! Missing # inserted in alignment preamble.
<to be read again> 
                   &
l.216 \end{DoxyParams}
                      
There should be exactly one # between &'s, when an
\halign or \valign is being set up. In this case you had
none, so I've put one in; maybe that will work.

! Missing # inserted in alignment preamble.
<to be read again> 
                   \cr 
l.216 \end{DoxyParams}
                      
There should be exactly one # between &'s, when an
\halign or \valign is being set up. In this case you had
none, so I've put one in; maybe that will work.

! Missing # inserted in alignment preamble.
<to be read again> 
                   &
l.216 \end{DoxyParams}
                      
There should be exactly one # between &'s, when an
\halign or \valign is being set up. In this case you had
none, so I've put one in; maybe that will work.

! Missing # inserted in alignment preamble.
<to be read again> 
                   \cr 
l.216 \end{DoxyParams}
                      
There should be exactly one # between &'s, when an
\halign or \valign is being set up. In this case you had
none, so I've put one in; maybe that will work.


Package longtable Warning: Column widths have changed
(longtable)                in table 5.3 on input line 216.


Underfull \hbox (badness 10000) detected at line 217
[][][]
 []

! Undefined control sequence.
<argument> ...rtpbox {\@nextchar }\insert@pcolumn 
                                                  \@endpbox \do@row@strut \o...
l.231 \begin{DoxyParams}{Parameter}
                                   
The control sequence at the end of the top line
of your error message was never \def'ed. If you have
misspelled it (e.g., `\hobx'), type `I' and the correct
spelling (e.g., `I\hbox'). Otherwise just continue,
and I'll forget about whatever was undefined.

! Undefined control sequence.
<argument> ...rtpbox {\@nextchar }\insert@pcolumn 
                                                  \@endpbox \do@row@strut \o...
l.231 \begin{DoxyParams}{Parameter}
                                   
The control sequence at the end of the top line
of your error message was never \def'ed. If you have
misspelled it (e.g., `\hobx'), type `I' and the correct
spelling (e.g., `I\hbox'). Otherwise just continue,
and I'll forget about whatever was undefined.

! Missing # inserted in alignment preamble.
<to be read again> 
                   &
l.234 \end{DoxyParams}
                      
There should be exactly one # between &'s, when an
\halign or \valign is being set up. In this case you had
none, so I've put one in; maybe that will work.

! Missing # inserted in alignment preamble.
<to be read again> 
                   \cr 
l.234 \end{DoxyParams}
                      
There should be exactly one # between &'s, when an
\halign or \valign is being set up. In this case you had
none, so I've put one in; maybe that will work.

! Missing # inserted in alignment preamble.
<to be read again> 
                   &
l.234 \end{DoxyParams}
                      
There should be exactly one # between &'s, when an
\halign or \valign is being set up. In this case you had
none, so I've put one in; maybe that will work.

! Missing # inserted in alignment preamble.
<to be read again> 
                   \cr 
l.234 \end{DoxyParams}
                      
There should be exactly one # between &'s, when an
\halign or \valign is being set up. In this case you had
none, so I've put one in; maybe that will work.

! Missing # inserted in alignment preamble.
<to be read again> 
                   &
l.234 \end{DoxyParams}
                      
There should be exactly one # between &'s, when an
\halign or \valign is being set up. In this case you had
none, so I've put one in; maybe that will work.

! Missing # inserted in alignment preamble.
<to be read again> 
                   \cr 
l.234 \end{DoxyParams}
                      
There should be exactly one # between &'s, when an
\halign or \valign is being set up. In this case you had
none, so I've put one in; maybe that will work.

! Missing # inserted in alignment preamble.
<to be read again> 
                   &
l.234 \end{DoxyParams}
                      
There should be exactly one # between &'s, when an
\halign or \valign is being set up. In this case you had
none, so I've put one in; maybe that will work.

! Missing # inserted in alignment preamble.
<to be read again> 
                   \cr 
l.234 \end{DoxyParams}
                      
There should be exactly one # between &'s, when an
\halign or \valign is being set up. In this case you had
none, so I've put one in; maybe that will work.

! Missing # inserted in alignment preamble.
<to be read again> 
                   &
l.234 \end{DoxyParams}
                      
There should be exactly one # between &'s, when an
\halign or \valign is being set up. In this case you had
none, so I've put one in; maybe that will work.

! Missing # inserted in alignment preamble.
<to be read again> 
                   \cr 
l.234 \end{DoxyParams}
                      
There should be exactly one # between &'s, when an
\halign or \valign is being set up. In this case you had
none, so I've put one in; maybe that will work.

! Missing # inserted in alignment preamble.
<to be read again> 
                   &
l.234 \end{DoxyParams}
                      
There should be exactly one # between &'s, when an
\halign or \valign is being set up. In this case you had
none, so I've put one in; maybe that will work.

! Missing # inserted in alignment preamble.
<to be read again> 
                   \cr 
l.234 \end{DoxyParams}
                      
There should be exactly one # between &'s, when an
\halign or \valign is being set up. In this case you had
none, so I've put one in; maybe that will work.

! Missing # inserted in alignment preamble.
<to be read again> 
                   &
l.234 \end{DoxyParams}
                      
There should be exactly one # between &'s, when an
\halign or \valign is being set up. In this case you had
none, so I've put one in; maybe that will work.

! Missing # inserted in alignment preamble.
<to be read again> 
                   \cr 
l.234 \end{DoxyParams}
                      
There should be exactly one # between &'s, when an
\halign or \valign is being set up. In this case you had
none, so I've put one in; maybe that will work.

! Missing # inserted in alignment preamble.
<to be read again> 
                   &
l.234 \end{DoxyParams}
                      
There should be exactly one # between &'s, when an
\halign or \valign is being set up. In this case you had
none, so I've put one in; maybe that will work.

! Missing # inserted in alignment preamble.
<to be read again> 
                   \cr 
l.234 \end{DoxyParams}
                      
There should be exactly one # between &'s, when an
\halign or \valign is being set up. In this case you had
none, so I've put one in; maybe that will work.

! Missing # inserted in alignment preamble.
<to be read again> 
                   &
l.234 \end{DoxyParams}
                      
There should be exactly one # between &'s, when an
\halign or \valign is being set up. In this case you had
none, so I've put one in; maybe that will work.

! Missing # inserted in alignment preamble.
<to be read again> 
                   \cr 
l.234 \end{DoxyParams}
                      
There should be exactly one # between &'s, when an
\halign or \valign is being set up. In this case you had
none, so I've put one in; maybe that will work.



[18]

Package longtable Warning: Column widths have changed
(longtable)                in table 5.4 on input line 234.


Underfull \hbox (badness 10000) detected at line 235
[][][]
 []

 <./class_actuator_ae4705f5263847ab234ef5d9f630753df_icgraph.pdf>
<class_actuator_ae4705f5263847ab234ef5d9f630753df_icgraph.pdf, id=588, 898.3562
5pt x 271.0125pt>
File: class_actuator_ae4705f5263847ab234ef5d9f630753df_icgraph.pdf Graphic file
 (type pdf)
<use class_actuator_ae4705f5263847ab234ef5d9f630753df_icgraph.pdf>
Package pdftex.def Info: class_actuator_ae4705f5263847ab234ef5d9f630753df_icgra
ph.pdf  used on input line 242.
(pdftex.def)             Requested size: 350.0pt x 105.58691pt.

! Undefined control sequence.
<argument> ...rtpbox {\@nextchar }\insert@pcolumn 
                                                  \@endpbox \do@row@strut \o...
l.256 \begin{DoxyParams}{Parameter}
                                   
The control sequence at the end of the top line
of your error message was never \def'ed. If you have
misspelled it (e.g., `\hobx'), type `I' and the correct
spelling (e.g., `I\hbox'). Otherwise just continue,
and I'll forget about whatever was undefined.

! Undefined control sequence.
<argument> ...rtpbox {\@nextchar }\insert@pcolumn 
                                                  \@endpbox \do@row@strut \o...
l.256 \begin{DoxyParams}{Parameter}
                                   
The control sequence at the end of the top line
of your error message was never \def'ed. If you have
misspelled it (e.g., `\hobx'), type `I' and the correct
spelling (e.g., `I\hbox'). Otherwise just continue,
and I'll forget about whatever was undefined.

! Missing # inserted in alignment preamble.
<to be read again> 
                   &
l.259 \end{DoxyParams}
                      
There should be exactly one # between &'s, when an
\halign or \valign is being set up. In this case you had
none, so I've put one in; maybe that will work.

! Missing # inserted in alignment preamble.
<to be read again> 
                   \cr 
l.259 \end{DoxyParams}
                      
There should be exactly one # between &'s, when an
\halign or \valign is being set up. In this case you had
none, so I've put one in; maybe that will work.

! Missing # inserted in alignment preamble.
<to be read again> 
                   &
l.259 \end{DoxyParams}
                      
There should be exactly one # between &'s, when an
\halign or \valign is being set up. In this case you had
none, so I've put one in; maybe that will work.

! Missing # inserted in alignment preamble.
<to be read again> 
                   \cr 
l.259 \end{DoxyParams}
                      
There should be exactly one # between &'s, when an
\halign or \valign is being set up. In this case you had
none, so I've put one in; maybe that will work.

! Missing # inserted in alignment preamble.
<to be read again> 
                   &
l.259 \end{DoxyParams}
                      
There should be exactly one # between &'s, when an
\halign or \valign is being set up. In this case you had
none, so I've put one in; maybe that will work.

! Missing # inserted in alignment preamble.
<to be read again> 
                   \cr 
l.259 \end{DoxyParams}
                      
There should be exactly one # between &'s, when an
\halign or \valign is being set up. In this case you had
none, so I've put one in; maybe that will work.

! Missing # inserted in alignment preamble.
<to be read again> 
                   &
l.259 \end{DoxyParams}
                      
There should be exactly one # between &'s, when an
\halign or \valign is being set up. In this case you had
none, so I've put one in; maybe that will work.

! Missing # inserted in alignment preamble.
<to be read again> 
                   \cr 
l.259 \end{DoxyParams}
                      
There should be exactly one # between &'s, when an
\halign or \valign is being set up. In this case you had
none, so I've put one in; maybe that will work.

! Missing # inserted in alignment preamble.
<to be read again> 
                   &
l.259 \end{DoxyParams}
                      
There should be exactly one # between &'s, when an
\halign or \valign is being set up. In this case you had
none, so I've put one in; maybe that will work.

! Missing # inserted in alignment preamble.
<to be read again> 
                   \cr 
l.259 \end{DoxyParams}
                      
There should be exactly one # between &'s, when an
\halign or \valign is being set up. In this case you had
none, so I've put one in; maybe that will work.

! Missing # inserted in alignment preamble.
<to be read again> 
                   &
l.259 \end{DoxyParams}
                      
There should be exactly one # between &'s, when an
\halign or \valign is being set up. In this case you had
none, so I've put one in; maybe that will work.

! Missing # inserted in alignment preamble.
<to be read again> 
                   \cr 
l.259 \end{DoxyParams}
                      
There should be exactly one # between &'s, when an
\halign or \valign is being set up. In this case you had
none, so I've put one in; maybe that will work.

! Missing # inserted in alignment preamble.
<to be read again> 
                   &
l.259 \end{DoxyParams}
                      
There should be exactly one # between &'s, when an
\halign or \valign is being set up. In this case you had
none, so I've put one in; maybe that will work.

! Missing # inserted in alignment preamble.
<to be read again> 
                   \cr 
l.259 \end{DoxyParams}
                      
There should be exactly one # between &'s, when an
\halign or \valign is being set up. In this case you had
none, so I've put one in; maybe that will work.

! Missing # inserted in alignment preamble.
<to be read again> 
                   &
l.259 \end{DoxyParams}
                      
There should be exactly one # between &'s, when an
\halign or \valign is being set up. In this case you had
none, so I've put one in; maybe that will work.

! Missing # inserted in alignment preamble.
<to be read again> 
                   \cr 
l.259 \end{DoxyParams}
                      
There should be exactly one # between &'s, when an
\halign or \valign is being set up. In this case you had
none, so I've put one in; maybe that will work.

! Missing # inserted in alignment preamble.
<to be read again> 
                   &
l.259 \end{DoxyParams}
                      
There should be exactly one # between &'s, when an
\halign or \valign is being set up. In this case you had
none, so I've put one in; maybe that will work.

! Missing # inserted in alignment preamble.
<to be read again> 
                   \cr 
l.259 \end{DoxyParams}
                      
There should be exactly one # between &'s, when an
\halign or \valign is being set up. In this case you had
none, so I've put one in; maybe that will work.


Package longtable Warning: Column widths have changed
(longtable)                in table 5.5 on input line 259.


Underfull \hbox (badness 10000) detected at line 260
[][][]
 []

 <./class_actuator_a04116bc5ec0ca19fdf8bbe30b5f24754_icgraph.pdf>
<class_actuator_a04116bc5ec0ca19fdf8bbe30b5f24754_icgraph.pdf, id=598, 888.3187
6pt x 213.79875pt>
File: class_actuator_a04116bc5ec0ca19fdf8bbe30b5f24754_icgraph.pdf Graphic file
 (type pdf)
<use class_actuator_a04116bc5ec0ca19fdf8bbe30b5f24754_icgraph.pdf>
Package pdftex.def Info: class_actuator_a04116bc5ec0ca19fdf8bbe30b5f24754_icgra
ph.pdf  used on input line 267.
(pdftex.def)             Requested size: 350.0pt x 84.23589pt.

! Undefined control sequence.
<argument> ...rtpbox {\@nextchar }\insert@pcolumn 
                                                  \@endpbox \do@row@strut \o...
l.283 \begin{DoxyParams}{Parameter}
                                   
The control sequence at the end of the top line
of your error message was never \def'ed. If you have
misspelled it (e.g., `\hobx'), type `I' and the correct
spelling (e.g., `I\hbox'). Otherwise just continue,
and I'll forget about whatever was undefined.

! Undefined control sequence.
<argument> ...rtpbox {\@nextchar }\insert@pcolumn 
                                                  \@endpbox \do@row@strut \o...
l.283 \begin{DoxyParams}{Parameter}
                                   
The control sequence at the end of the top line
of your error message was never \def'ed. If you have
misspelled it (e.g., `\hobx'), type `I' and the correct
spelling (e.g., `I\hbox'). Otherwise just continue,
and I'll forget about whatever was undefined.

! Missing # inserted in alignment preamble.
<to be read again> 
                   &
l.286 \end{DoxyParams}
                      
There should be exactly one # between &'s, when an
\halign or \valign is being set up. In this case you had
none, so I've put one in; maybe that will work.

! Missing # inserted in alignment preamble.
<to be read again> 
                   \cr 
l.286 \end{DoxyParams}
                      
There should be exactly one # between &'s, when an
\halign or \valign is being set up. In this case you had
none, so I've put one in; maybe that will work.

! Missing # inserted in alignment preamble.
<to be read again> 
                   &
l.286 \end{DoxyParams}
                      
There should be exactly one # between &'s, when an
\halign or \valign is being set up. In this case you had
none, so I've put one in; maybe that will work.

! Missing # inserted in alignment preamble.
<to be read again> 
                   \cr 
l.286 \end{DoxyParams}
                      
There should be exactly one # between &'s, when an
\halign or \valign is being set up. In this case you had
none, so I've put one in; maybe that will work.

! Missing # inserted in alignment preamble.
<to be read again> 
                   &
l.286 \end{DoxyParams}
                      
There should be exactly one # between &'s, when an
\halign or \valign is being set up. In this case you had
none, so I've put one in; maybe that will work.

! Missing # inserted in alignment preamble.
<to be read again> 
                   \cr 
l.286 \end{DoxyParams}
                      
There should be exactly one # between &'s, when an
\halign or \valign is being set up. In this case you had
none, so I've put one in; maybe that will work.

! Missing # inserted in alignment preamble.
<to be read again> 
                   &
l.286 \end{DoxyParams}
                      
There should be exactly one # between &'s, when an
\halign or \valign is being set up. In this case you had
none, so I've put one in; maybe that will work.

! Missing # inserted in alignment preamble.
<to be read again> 
                   \cr 
l.286 \end{DoxyParams}
                      
There should be exactly one # between &'s, when an
\halign or \valign is being set up. In this case you had
none, so I've put one in; maybe that will work.

! Missing # inserted in alignment preamble.
<to be read again> 
                   &
l.286 \end{DoxyParams}
                      
There should be exactly one # between &'s, when an
\halign or \valign is being set up. In this case you had
none, so I've put one in; maybe that will work.

! Missing # inserted in alignment preamble.
<to be read again> 
                   \cr 
l.286 \end{DoxyParams}
                      
There should be exactly one # between &'s, when an
\halign or \valign is being set up. In this case you had
none, so I've put one in; maybe that will work.

! Missing # inserted in alignment preamble.
<to be read again> 
                   &
l.286 \end{DoxyParams}
                      
There should be exactly one # between &'s, when an
\halign or \valign is being set up. In this case you had
none, so I've put one in; maybe that will work.

! Missing # inserted in alignment preamble.
<to be read again> 
                   \cr 
l.286 \end{DoxyParams}
                      
There should be exactly one # between &'s, when an
\halign or \valign is being set up. In this case you had
none, so I've put one in; maybe that will work.

! Missing # inserted in alignment preamble.
<to be read again> 
                   &
l.286 \end{DoxyParams}
                      
There should be exactly one # between &'s, when an
\halign or \valign is being set up. In this case you had
none, so I've put one in; maybe that will work.

! Missing # inserted in alignment preamble.
<to be read again> 
                   \cr 
l.286 \end{DoxyParams}
                      
There should be exactly one # between &'s, when an
\halign or \valign is being set up. In this case you had
none, so I've put one in; maybe that will work.

! Missing # inserted in alignment preamble.
<to be read again> 
                   &
l.286 \end{DoxyParams}
                      
There should be exactly one # between &'s, when an
\halign or \valign is being set up. In this case you had
none, so I've put one in; maybe that will work.

! Missing # inserted in alignment preamble.
<to be read again> 
                   \cr 
l.286 \end{DoxyParams}
                      
There should be exactly one # between &'s, when an
\halign or \valign is being set up. In this case you had
none, so I've put one in; maybe that will work.

! Missing # inserted in alignment preamble.
<to be read again> 
                   &
l.286 \end{DoxyParams}
                      
There should be exactly one # between &'s, when an
\halign or \valign is being set up. In this case you had
none, so I've put one in; maybe that will work.

! Missing # inserted in alignment preamble.
<to be read again> 
                   \cr 
l.286 \end{DoxyParams}
                      
There should be exactly one # between &'s, when an
\halign or \valign is being set up. In this case you had
none, so I've put one in; maybe that will work.



[19]

Package longtable Warning: Column widths have changed
(longtable)                in table 5.6 on input line 286.


Underfull \hbox (badness 10000) detected at line 287
[][][]
 []

 <./class_actuator_a4438639840978376b4e689edcac42db7_cgraph.pdf>
<class_actuator_a4438639840978376b4e689edcac42db7_cgraph.pdf, id=619, 430.60875
pt x 99.37125pt>
File: class_actuator_a4438639840978376b4e689edcac42db7_cgraph.pdf Graphic file 
(type pdf)
<use class_actuator_a4438639840978376b4e689edcac42db7_cgraph.pdf>
Package pdftex.def Info: class_actuator_a4438639840978376b4e689edcac42db7_cgrap
h.pdf  used on input line 294.
(pdftex.def)             Requested size: 350.0pt x 80.77077pt.

! Undefined control sequence.
<argument> ...rtpbox {\@nextchar }\insert@pcolumn 
                                                  \@endpbox \do@row@strut \o...
l.322 \begin{DoxyParams}{Parameter}
                                   
The control sequence at the end of the top line
of your error message was never \def'ed. If you have
misspelled it (e.g., `\hobx'), type `I' and the correct
spelling (e.g., `I\hbox'). Otherwise just continue,
and I'll forget about whatever was undefined.

! Undefined control sequence.
<argument> ...rtpbox {\@nextchar }\insert@pcolumn 
                                                  \@endpbox \do@row@strut \o...
l.322 \begin{DoxyParams}{Parameter}
                                   
The control sequence at the end of the top line
of your error message was never \def'ed. If you have
misspelled it (e.g., `\hobx'), type `I' and the correct
spelling (e.g., `I\hbox'). Otherwise just continue,
and I'll forget about whatever was undefined.

! Missing # inserted in alignment preamble.
<to be read again> 
                   &
l.325 \end{DoxyParams}
                      
There should be exactly one # between &'s, when an
\halign or \valign is being set up. In this case you had
none, so I've put one in; maybe that will work.

! Missing # inserted in alignment preamble.
<to be read again> 
                   \cr 
l.325 \end{DoxyParams}
                      
There should be exactly one # between &'s, when an
\halign or \valign is being set up. In this case you had
none, so I've put one in; maybe that will work.

! Missing # inserted in alignment preamble.
<to be read again> 
                   &
l.325 \end{DoxyParams}
                      
There should be exactly one # between &'s, when an
\halign or \valign is being set up. In this case you had
none, so I've put one in; maybe that will work.

! Missing # inserted in alignment preamble.
<to be read again> 
                   \cr 
l.325 \end{DoxyParams}
                      
There should be exactly one # between &'s, when an
\halign or \valign is being set up. In this case you had
none, so I've put one in; maybe that will work.

! Missing # inserted in alignment preamble.
<to be read again> 
                   &
l.325 \end{DoxyParams}
                      
There should be exactly one # between &'s, when an
\halign or \valign is being set up. In this case you had
none, so I've put one in; maybe that will work.

! Missing # inserted in alignment preamble.
<to be read again> 
                   \cr 
l.325 \end{DoxyParams}
                      
There should be exactly one # between &'s, when an
\halign or \valign is being set up. In this case you had
none, so I've put one in; maybe that will work.

! Missing # inserted in alignment preamble.
<to be read again> 
                   &
l.325 \end{DoxyParams}
                      
There should be exactly one # between &'s, when an
\halign or \valign is being set up. In this case you had
none, so I've put one in; maybe that will work.

! Missing # inserted in alignment preamble.
<to be read again> 
                   \cr 
l.325 \end{DoxyParams}
                      
There should be exactly one # between &'s, when an
\halign or \valign is being set up. In this case you had
none, so I've put one in; maybe that will work.

! Missing # inserted in alignment preamble.
<to be read again> 
                   &
l.325 \end{DoxyParams}
                      
There should be exactly one # between &'s, when an
\halign or \valign is being set up. In this case you had
none, so I've put one in; maybe that will work.

! Missing # inserted in alignment preamble.
<to be read again> 
                   \cr 
l.325 \end{DoxyParams}
                      
There should be exactly one # between &'s, when an
\halign or \valign is being set up. In this case you had
none, so I've put one in; maybe that will work.

! Missing # inserted in alignment preamble.
<to be read again> 
                   &
l.325 \end{DoxyParams}
                      
There should be exactly one # between &'s, when an
\halign or \valign is being set up. In this case you had
none, so I've put one in; maybe that will work.

! Missing # inserted in alignment preamble.
<to be read again> 
                   \cr 
l.325 \end{DoxyParams}
                      
There should be exactly one # between &'s, when an
\halign or \valign is being set up. In this case you had
none, so I've put one in; maybe that will work.

! Missing # inserted in alignment preamble.
<to be read again> 
                   &
l.325 \end{DoxyParams}
                      
There should be exactly one # between &'s, when an
\halign or \valign is being set up. In this case you had
none, so I've put one in; maybe that will work.

! Missing # inserted in alignment preamble.
<to be read again> 
                   \cr 
l.325 \end{DoxyParams}
                      
There should be exactly one # between &'s, when an
\halign or \valign is being set up. In this case you had
none, so I've put one in; maybe that will work.

! Missing # inserted in alignment preamble.
<to be read again> 
                   &
l.325 \end{DoxyParams}
                      
There should be exactly one # between &'s, when an
\halign or \valign is being set up. In this case you had
none, so I've put one in; maybe that will work.

! Missing # inserted in alignment preamble.
<to be read again> 
                   \cr 
l.325 \end{DoxyParams}
                      
There should be exactly one # between &'s, when an
\halign or \valign is being set up. In this case you had
none, so I've put one in; maybe that will work.

! Missing # inserted in alignment preamble.
<to be read again> 
                   &
l.325 \end{DoxyParams}
                      
There should be exactly one # between &'s, when an
\halign or \valign is being set up. In this case you had
none, so I've put one in; maybe that will work.

! Missing # inserted in alignment preamble.
<to be read again> 
                   \cr 
l.325 \end{DoxyParams}
                      
There should be exactly one # between &'s, when an
\halign or \valign is being set up. In this case you had
none, so I've put one in; maybe that will work.


Package longtable Warning: Column widths have changed
(longtable)                in table 5.7 on input line 325.


Underfull \hbox (badness 10000) detected at line 326
[][][]
 []


Underfull \hbox (badness 10000) detected at line 341
[][][]
 []

 <./class_actuator_a81ea3f4dae18ab70413b8da2a419601b_cgraph.pdf>
<class_actuator_a81ea3f4dae18ab70413b8da2a419601b_cgraph.pdf, id=633, 312.16624
pt x 99.37125pt>
File: class_actuator_a81ea3f4dae18ab70413b8da2a419601b_cgraph.pdf Graphic file 
(type pdf)
<use class_actuator_a81ea3f4dae18ab70413b8da2a419601b_cgraph.pdf>
Package pdftex.def Info: class_actuator_a81ea3f4dae18ab70413b8da2a419601b_cgrap
h.pdf  used on input line 348.
(pdftex.def)             Requested size: 311.0pt x 99.00253pt.


[20] <./class_actuator_a81ea3f4dae18ab70413b8da2a419601b_icgraph.pdf>
<class_actuator_a81ea3f4dae18ab70413b8da2a419601b_icgraph.pdf, id=651, 442.6537
5pt x 136.51pt>
File: class_actuator_a81ea3f4dae18ab70413b8da2a419601b_icgraph.pdf Graphic file
 (type pdf)
<use class_actuator_a81ea3f4dae18ab70413b8da2a419601b_icgraph.pdf>
Package pdftex.def Info: class_actuator_a81ea3f4dae18ab70413b8da2a419601b_icgra
ph.pdf  used on input line 355.
(pdftex.def)             Requested size: 350.0pt x 107.9417pt.

! Undefined control sequence.
<argument> ...rtpbox {\@nextchar }\insert@pcolumn 
                                                  \@endpbox \do@row@strut \o...
l.371 \begin{DoxyParams}{Parameter}
                                   
The control sequence at the end of the top line
of your error message was never \def'ed. If you have
misspelled it (e.g., `\hobx'), type `I' and the correct
spelling (e.g., `I\hbox'). Otherwise just continue,
and I'll forget about whatever was undefined.

! Undefined control sequence.
<argument> ...rtpbox {\@nextchar }\insert@pcolumn 
                                                  \@endpbox \do@row@strut \o...
l.371 \begin{DoxyParams}{Parameter}
                                   
The control sequence at the end of the top line
of your error message was never \def'ed. If you have
misspelled it (e.g., `\hobx'), type `I' and the correct
spelling (e.g., `I\hbox'). Otherwise just continue,
and I'll forget about whatever was undefined.

! Missing # inserted in alignment preamble.
<to be read again> 
                   &
l.374 \end{DoxyParams}
                      
There should be exactly one # between &'s, when an
\halign or \valign is being set up. In this case you had
none, so I've put one in; maybe that will work.

! Missing # inserted in alignment preamble.
<to be read again> 
                   \cr 
l.374 \end{DoxyParams}
                      
There should be exactly one # between &'s, when an
\halign or \valign is being set up. In this case you had
none, so I've put one in; maybe that will work.

! Missing # inserted in alignment preamble.
<to be read again> 
                   &
l.374 \end{DoxyParams}
                      
There should be exactly one # between &'s, when an
\halign or \valign is being set up. In this case you had
none, so I've put one in; maybe that will work.

! Missing # inserted in alignment preamble.
<to be read again> 
                   \cr 
l.374 \end{DoxyParams}
                      
There should be exactly one # between &'s, when an
\halign or \valign is being set up. In this case you had
none, so I've put one in; maybe that will work.

! Missing # inserted in alignment preamble.
<to be read again> 
                   &
l.374 \end{DoxyParams}
                      
There should be exactly one # between &'s, when an
\halign or \valign is being set up. In this case you had
none, so I've put one in; maybe that will work.

! Missing # inserted in alignment preamble.
<to be read again> 
                   \cr 
l.374 \end{DoxyParams}
                      
There should be exactly one # between &'s, when an
\halign or \valign is being set up. In this case you had
none, so I've put one in; maybe that will work.

! Missing # inserted in alignment preamble.
<to be read again> 
                   &
l.374 \end{DoxyParams}
                      
There should be exactly one # between &'s, when an
\halign or \valign is being set up. In this case you had
none, so I've put one in; maybe that will work.

! Missing # inserted in alignment preamble.
<to be read again> 
                   \cr 
l.374 \end{DoxyParams}
                      
There should be exactly one # between &'s, when an
\halign or \valign is being set up. In this case you had
none, so I've put one in; maybe that will work.

! Missing # inserted in alignment preamble.
<to be read again> 
                   &
l.374 \end{DoxyParams}
                      
There should be exactly one # between &'s, when an
\halign or \valign is being set up. In this case you had
none, so I've put one in; maybe that will work.

! Missing # inserted in alignment preamble.
<to be read again> 
                   \cr 
l.374 \end{DoxyParams}
                      
There should be exactly one # between &'s, when an
\halign or \valign is being set up. In this case you had
none, so I've put one in; maybe that will work.

! Missing # inserted in alignment preamble.
<to be read again> 
                   &
l.374 \end{DoxyParams}
                      
There should be exactly one # between &'s, when an
\halign or \valign is being set up. In this case you had
none, so I've put one in; maybe that will work.

! Missing # inserted in alignment preamble.
<to be read again> 
                   \cr 
l.374 \end{DoxyParams}
                      
There should be exactly one # between &'s, when an
\halign or \valign is being set up. In this case you had
none, so I've put one in; maybe that will work.

! Missing # inserted in alignment preamble.
<to be read again> 
                   &
l.374 \end{DoxyParams}
                      
There should be exactly one # between &'s, when an
\halign or \valign is being set up. In this case you had
none, so I've put one in; maybe that will work.

! Missing # inserted in alignment preamble.
<to be read again> 
                   \cr 
l.374 \end{DoxyParams}
                      
There should be exactly one # between &'s, when an
\halign or \valign is being set up. In this case you had
none, so I've put one in; maybe that will work.

! Missing # inserted in alignment preamble.
<to be read again> 
                   &
l.374 \end{DoxyParams}
                      
There should be exactly one # between &'s, when an
\halign or \valign is being set up. In this case you had
none, so I've put one in; maybe that will work.

! Missing # inserted in alignment preamble.
<to be read again> 
                   \cr 
l.374 \end{DoxyParams}
                      
There should be exactly one # between &'s, when an
\halign or \valign is being set up. In this case you had
none, so I've put one in; maybe that will work.

! Missing # inserted in alignment preamble.
<to be read again> 
                   &
l.374 \end{DoxyParams}
                      
There should be exactly one # between &'s, when an
\halign or \valign is being set up. In this case you had
none, so I've put one in; maybe that will work.

! Missing # inserted in alignment preamble.
<to be read again> 
                   \cr 
l.374 \end{DoxyParams}
                      
There should be exactly one # between &'s, when an
\halign or \valign is being set up. In this case you had
none, so I've put one in; maybe that will work.


Package longtable Warning: Column widths have changed
(longtable)                in table 5.8 on input line 374.


Underfull \hbox (badness 10000) detected at line 375
[][][]
 []



[21]
! Undefined control sequence.
<argument> ...rtpbox {\@nextchar }\insert@pcolumn 
                                                  \@endpbox \do@row@strut \o...
l.391 \begin{DoxyParams}{Parameter}
                                   
The control sequence at the end of the top line
of your error message was never \def'ed. If you have
misspelled it (e.g., `\hobx'), type `I' and the correct
spelling (e.g., `I\hbox'). Otherwise just continue,
and I'll forget about whatever was undefined.

! Undefined control sequence.
<argument> ...rtpbox {\@nextchar }\insert@pcolumn 
                                                  \@endpbox \do@row@strut \o...
l.391 \begin{DoxyParams}{Parameter}
                                   
The control sequence at the end of the top line
of your error message was never \def'ed. If you have
misspelled it (e.g., `\hobx'), type `I' and the correct
spelling (e.g., `I\hbox'). Otherwise just continue,
and I'll forget about whatever was undefined.

! Missing # inserted in alignment preamble.
<to be read again> 
                   &
l.400 \end{DoxyParams}
                      
There should be exactly one # between &'s, when an
\halign or \valign is being set up. In this case you had
none, so I've put one in; maybe that will work.

! Missing # inserted in alignment preamble.
<to be read again> 
                   \cr 
l.400 \end{DoxyParams}
                      
There should be exactly one # between &'s, when an
\halign or \valign is being set up. In this case you had
none, so I've put one in; maybe that will work.

! Missing # inserted in alignment preamble.
<to be read again> 
                   &
l.400 \end{DoxyParams}
                      
There should be exactly one # between &'s, when an
\halign or \valign is being set up. In this case you had
none, so I've put one in; maybe that will work.

! Missing # inserted in alignment preamble.
<to be read again> 
                   \cr 
l.400 \end{DoxyParams}
                      
There should be exactly one # between &'s, when an
\halign or \valign is being set up. In this case you had
none, so I've put one in; maybe that will work.

! Missing # inserted in alignment preamble.
<to be read again> 
                   &
l.400 \end{DoxyParams}
                      
There should be exactly one # between &'s, when an
\halign or \valign is being set up. In this case you had
none, so I've put one in; maybe that will work.

! Missing # inserted in alignment preamble.
<to be read again> 
                   \cr 
l.400 \end{DoxyParams}
                      
There should be exactly one # between &'s, when an
\halign or \valign is being set up. In this case you had
none, so I've put one in; maybe that will work.

! Missing # inserted in alignment preamble.
<to be read again> 
                   &
l.400 \end{DoxyParams}
                      
There should be exactly one # between &'s, when an
\halign or \valign is being set up. In this case you had
none, so I've put one in; maybe that will work.

! Missing # inserted in alignment preamble.
<to be read again> 
                   \cr 
l.400 \end{DoxyParams}
                      
There should be exactly one # between &'s, when an
\halign or \valign is being set up. In this case you had
none, so I've put one in; maybe that will work.

! Missing # inserted in alignment preamble.
<to be read again> 
                   &
l.400 \end{DoxyParams}
                      
There should be exactly one # between &'s, when an
\halign or \valign is being set up. In this case you had
none, so I've put one in; maybe that will work.

! Missing # inserted in alignment preamble.
<to be read again> 
                   \cr 
l.400 \end{DoxyParams}
                      
There should be exactly one # between &'s, when an
\halign or \valign is being set up. In this case you had
none, so I've put one in; maybe that will work.

! Missing # inserted in alignment preamble.
<to be read again> 
                   &
l.400 \end{DoxyParams}
                      
There should be exactly one # between &'s, when an
\halign or \valign is being set up. In this case you had
none, so I've put one in; maybe that will work.

! Missing # inserted in alignment preamble.
<to be read again> 
                   \cr 
l.400 \end{DoxyParams}
                      
There should be exactly one # between &'s, when an
\halign or \valign is being set up. In this case you had
none, so I've put one in; maybe that will work.

! Missing # inserted in alignment preamble.
<to be read again> 
                   &
l.400 \end{DoxyParams}
                      
There should be exactly one # between &'s, when an
\halign or \valign is being set up. In this case you had
none, so I've put one in; maybe that will work.

! Missing # inserted in alignment preamble.
<to be read again> 
                   \cr 
l.400 \end{DoxyParams}
                      
There should be exactly one # between &'s, when an
\halign or \valign is being set up. In this case you had
none, so I've put one in; maybe that will work.

! Missing # inserted in alignment preamble.
<to be read again> 
                   &
l.400 \end{DoxyParams}
                      
There should be exactly one # between &'s, when an
\halign or \valign is being set up. In this case you had
none, so I've put one in; maybe that will work.

! Missing # inserted in alignment preamble.
<to be read again> 
                   \cr 
l.400 \end{DoxyParams}
                      
There should be exactly one # between &'s, when an
\halign or \valign is being set up. In this case you had
none, so I've put one in; maybe that will work.

! Missing # inserted in alignment preamble.
<to be read again> 
                   &
l.400 \end{DoxyParams}
                      
There should be exactly one # between &'s, when an
\halign or \valign is being set up. In this case you had
none, so I've put one in; maybe that will work.

! Missing # inserted in alignment preamble.
<to be read again> 
                   \cr 
l.400 \end{DoxyParams}
                      
There should be exactly one # between &'s, when an
\halign or \valign is being set up. In this case you had
none, so I've put one in; maybe that will work.


Package longtable Warning: Column widths have changed
(longtable)                in table 5.9 on input line 400.


Underfull \hbox (badness 10000) detected at line 401
[][][]
 []

 <./class_actuator_a9f1b744baa308c5c9fed6895a8816798_cgraph.pdf>
<class_actuator_a9f1b744baa308c5c9fed6895a8816798_cgraph.pdf, id=676, 283.0575p
t x 99.37125pt>
File: class_actuator_a9f1b744baa308c5c9fed6895a8816798_cgraph.pdf Graphic file 
(type pdf)
<use class_actuator_a9f1b744baa308c5c9fed6895a8816798_cgraph.pdf>
Package pdftex.def Info: class_actuator_a9f1b744baa308c5c9fed6895a8816798_cgrap
h.pdf  used on input line 408.
(pdftex.def)             Requested size: 282.0pt x 99.0086pt.

! Undefined control sequence.
<argument> ...rtpbox {\@nextchar }\insert@pcolumn 
                                                  \@endpbox \do@row@strut \o...
l.424 \begin{DoxyParams}{Parameter}
                                   
The control sequence at the end of the top line
of your error message was never \def'ed. If you have
misspelled it (e.g., `\hobx'), type `I' and the correct
spelling (e.g., `I\hbox'). Otherwise just continue,
and I'll forget about whatever was undefined.

! Undefined control sequence.
<argument> ...rtpbox {\@nextchar }\insert@pcolumn 
                                                  \@endpbox \do@row@strut \o...
l.424 \begin{DoxyParams}{Parameter}
                                   
The control sequence at the end of the top line
of your error message was never \def'ed. If you have
misspelled it (e.g., `\hobx'), type `I' and the correct
spelling (e.g., `I\hbox'). Otherwise just continue,
and I'll forget about whatever was undefined.

! Missing # inserted in alignment preamble.
<to be read again> 
                   &
l.427 \end{DoxyParams}
                      
There should be exactly one # between &'s, when an
\halign or \valign is being set up. In this case you had
none, so I've put one in; maybe that will work.

! Missing # inserted in alignment preamble.
<to be read again> 
                   \cr 
l.427 \end{DoxyParams}
                      
There should be exactly one # between &'s, when an
\halign or \valign is being set up. In this case you had
none, so I've put one in; maybe that will work.

! Missing # inserted in alignment preamble.
<to be read again> 
                   &
l.427 \end{DoxyParams}
                      
There should be exactly one # between &'s, when an
\halign or \valign is being set up. In this case you had
none, so I've put one in; maybe that will work.

! Missing # inserted in alignment preamble.
<to be read again> 
                   \cr 
l.427 \end{DoxyParams}
                      
There should be exactly one # between &'s, when an
\halign or \valign is being set up. In this case you had
none, so I've put one in; maybe that will work.

! Missing # inserted in alignment preamble.
<to be read again> 
                   &
l.427 \end{DoxyParams}
                      
There should be exactly one # between &'s, when an
\halign or \valign is being set up. In this case you had
none, so I've put one in; maybe that will work.

! Missing # inserted in alignment preamble.
<to be read again> 
                   \cr 
l.427 \end{DoxyParams}
                      
There should be exactly one # between &'s, when an
\halign or \valign is being set up. In this case you had
none, so I've put one in; maybe that will work.

! Missing # inserted in alignment preamble.
<to be read again> 
                   &
l.427 \end{DoxyParams}
                      
There should be exactly one # between &'s, when an
\halign or \valign is being set up. In this case you had
none, so I've put one in; maybe that will work.

! Missing # inserted in alignment preamble.
<to be read again> 
                   \cr 
l.427 \end{DoxyParams}
                      
There should be exactly one # between &'s, when an
\halign or \valign is being set up. In this case you had
none, so I've put one in; maybe that will work.

! Missing # inserted in alignment preamble.
<to be read again> 
                   &
l.427 \end{DoxyParams}
                      
There should be exactly one # between &'s, when an
\halign or \valign is being set up. In this case you had
none, so I've put one in; maybe that will work.

! Missing # inserted in alignment preamble.
<to be read again> 
                   \cr 
l.427 \end{DoxyParams}
                      
There should be exactly one # between &'s, when an
\halign or \valign is being set up. In this case you had
none, so I've put one in; maybe that will work.

! Missing # inserted in alignment preamble.
<to be read again> 
                   &
l.427 \end{DoxyParams}
                      
There should be exactly one # between &'s, when an
\halign or \valign is being set up. In this case you had
none, so I've put one in; maybe that will work.

! Missing # inserted in alignment preamble.
<to be read again> 
                   \cr 
l.427 \end{DoxyParams}
                      
There should be exactly one # between &'s, when an
\halign or \valign is being set up. In this case you had
none, so I've put one in; maybe that will work.

! Missing # inserted in alignment preamble.
<to be read again> 
                   &
l.427 \end{DoxyParams}
                      
There should be exactly one # between &'s, when an
\halign or \valign is being set up. In this case you had
none, so I've put one in; maybe that will work.

! Missing # inserted in alignment preamble.
<to be read again> 
                   \cr 
l.427 \end{DoxyParams}
                      
There should be exactly one # between &'s, when an
\halign or \valign is being set up. In this case you had
none, so I've put one in; maybe that will work.

! Missing # inserted in alignment preamble.
<to be read again> 
                   &
l.427 \end{DoxyParams}
                      
There should be exactly one # between &'s, when an
\halign or \valign is being set up. In this case you had
none, so I've put one in; maybe that will work.

! Missing # inserted in alignment preamble.
<to be read again> 
                   \cr 
l.427 \end{DoxyParams}
                      
There should be exactly one # between &'s, when an
\halign or \valign is being set up. In this case you had
none, so I've put one in; maybe that will work.

! Missing # inserted in alignment preamble.
<to be read again> 
                   &
l.427 \end{DoxyParams}
                      
There should be exactly one # between &'s, when an
\halign or \valign is being set up. In this case you had
none, so I've put one in; maybe that will work.

! Missing # inserted in alignment preamble.
<to be read again> 
                   \cr 
l.427 \end{DoxyParams}
                      
There should be exactly one # between &'s, when an
\halign or \valign is being set up. In this case you had
none, so I've put one in; maybe that will work.


Package longtable Warning: Column widths have changed
(longtable)                in table 5.10 on input line 427.


Underfull \hbox (badness 10000) detected at line 428
[][][]
 []

 <./class_actuator_ae786a505db189182b2fec42f1bb82445_cgraph.pdf>
<class_actuator_ae786a505db189182b2fec42f1bb82445_cgraph.pdf, id=686, 556.0775p
t x 288.07625pt>
File: class_actuator_ae786a505db189182b2fec42f1bb82445_cgraph.pdf Graphic file 
(type pdf)
<use class_actuator_ae786a505db189182b2fec42f1bb82445_cgraph.pdf>
Package pdftex.def Info: class_actuator_ae786a505db189182b2fec42f1bb82445_cgrap
h.pdf  used on input line 435.
(pdftex.def)             Requested size: 350.0pt x 181.32195pt.


[22] <./class_actuator_ae786a505db189182b2fec42f1bb82445_icgraph.pdf>
<class_actuator_ae786a505db189182b2fec42f1bb82445_icgraph.pdf, id=704, 748.7975
pt x 213.79875pt>
File: class_actuator_ae786a505db189182b2fec42f1bb82445_icgraph.pdf Graphic file
 (type pdf)
<use class_actuator_ae786a505db189182b2fec42f1bb82445_icgraph.pdf>
Package pdftex.def Info: class_actuator_ae786a505db189182b2fec42f1bb82445_icgra
ph.pdf  used on input line 442.
(pdftex.def)             Requested size: 350.0pt x 99.93408pt.


[23]

[24]) (./struct_command.tex

[25]) (./class_commands.tex <./class_commands__coll__graph.pdf>
<class_commands__coll__graph.pdf, id=782, 680.5425pt x 391.4625pt>
File: class_commands__coll__graph.pdf Graphic file (type pdf)
<use class_commands__coll__graph.pdf>
Package pdftex.def Info: class_commands__coll__graph.pdf  used on input line 13
.
(pdftex.def)             Requested size: 350.0pt x 201.32767pt.


[26]
! Undefined control sequence.
<argument> ...rtpbox {\@nextchar }\insert@pcolumn 
                                                  \@endpbox \do@row@strut \o...
l.97 \begin{DoxyEnumFields}[2]{Aufzählungswerte}
                                                 
The control sequence at the end of the top line
of your error message was never \def'ed. If you have
misspelled it (e.g., `\hobx'), type `I' and the correct
spelling (e.g., `I\hbox'). Otherwise just continue,
and I'll forget about whatever was undefined.

! Undefined control sequence.
<argument> ...rtpbox {\@nextchar }\insert@pcolumn 
                                                  \@endpbox \do@row@strut \o...
l.97 \begin{DoxyEnumFields}[2]{Aufzählungswerte}
                                                 
The control sequence at the end of the top line
of your error message was never \def'ed. If you have
misspelled it (e.g., `\hobx'), type `I' and the correct
spelling (e.g., `I\hbox'). Otherwise just continue,
and I'll forget about whatever was undefined.

! Missing # inserted in alignment preamble.
<to be read again> 
                   &
l.210 \end{DoxyEnumFields}
                          
There should be exactly one # between &'s, when an
\halign or \valign is being set up. In this case you had
none, so I've put one in; maybe that will work.

! Missing # inserted in alignment preamble.
<to be read again> 
                   \cr 
l.210 \end{DoxyEnumFields}
                          
There should be exactly one # between &'s, when an
\halign or \valign is being set up. In this case you had
none, so I've put one in; maybe that will work.

! Missing # inserted in alignment preamble.
<to be read again> 
                   &
l.210 \end{DoxyEnumFields}
                          
There should be exactly one # between &'s, when an
\halign or \valign is being set up. In this case you had
none, so I've put one in; maybe that will work.

! Missing # inserted in alignment preamble.
<to be read again> 
                   \cr 
l.210 \end{DoxyEnumFields}
                          
There should be exactly one # between &'s, when an
\halign or \valign is being set up. In this case you had
none, so I've put one in; maybe that will work.

! Missing # inserted in alignment preamble.
<to be read again> 
                   &
l.210 \end{DoxyEnumFields}
                          
There should be exactly one # between &'s, when an
\halign or \valign is being set up. In this case you had
none, so I've put one in; maybe that will work.

! Missing # inserted in alignment preamble.
<to be read again> 
                   \cr 
l.210 \end{DoxyEnumFields}
                          
There should be exactly one # between &'s, when an
\halign or \valign is being set up. In this case you had
none, so I've put one in; maybe that will work.

! Missing # inserted in alignment preamble.
<to be read again> 
                   &
l.210 \end{DoxyEnumFields}
                          
There should be exactly one # between &'s, when an
\halign or \valign is being set up. In this case you had
none, so I've put one in; maybe that will work.

! Missing # inserted in alignment preamble.
<to be read again> 
                   \cr 
l.210 \end{DoxyEnumFields}
                          
There should be exactly one # between &'s, when an
\halign or \valign is being set up. In this case you had
none, so I've put one in; maybe that will work.

! Missing # inserted in alignment preamble.
<to be read again> 
                   &
l.210 \end{DoxyEnumFields}
                          
There should be exactly one # between &'s, when an
\halign or \valign is being set up. In this case you had
none, so I've put one in; maybe that will work.

! Missing # inserted in alignment preamble.
<to be read again> 
                   \cr 
l.210 \end{DoxyEnumFields}
                          
There should be exactly one # between &'s, when an
\halign or \valign is being set up. In this case you had
none, so I've put one in; maybe that will work.

! Missing # inserted in alignment preamble.
<to be read again> 
                   &
l.210 \end{DoxyEnumFields}
                          
There should be exactly one # between &'s, when an
\halign or \valign is being set up. In this case you had
none, so I've put one in; maybe that will work.

! Missing # inserted in alignment preamble.
<to be read again> 
                   \cr 
l.210 \end{DoxyEnumFields}
                          
There should be exactly one # between &'s, when an
\halign or \valign is being set up. In this case you had
none, so I've put one in; maybe that will work.

! Missing # inserted in alignment preamble.
<to be read again> 
                   &
l.210 \end{DoxyEnumFields}
                          
There should be exactly one # between &'s, when an
\halign or \valign is being set up. In this case you had
none, so I've put one in; maybe that will work.

! Missing # inserted in alignment preamble.
<to be read again> 
                   \cr 
l.210 \end{DoxyEnumFields}
                          
There should be exactly one # between &'s, when an
\halign or \valign is being set up. In this case you had
none, so I've put one in; maybe that will work.

! Missing # inserted in alignment preamble.
<to be read again> 
                   &
l.210 \end{DoxyEnumFields}
                          
There should be exactly one # between &'s, when an
\halign or \valign is being set up. In this case you had
none, so I've put one in; maybe that will work.

! Missing # inserted in alignment preamble.
<to be read again> 
                   \cr 
l.210 \end{DoxyEnumFields}
                          
There should be exactly one # between &'s, when an
\halign or \valign is being set up. In this case you had
none, so I've put one in; maybe that will work.

! Missing # inserted in alignment preamble.
<to be read again> 
                   &
l.210 \end{DoxyEnumFields}
                          
There should be exactly one # between &'s, when an
\halign or \valign is being set up. In this case you had
none, so I've put one in; maybe that will work.

! Missing # inserted in alignment preamble.
<to be read again> 
                   \cr 
l.210 \end{DoxyEnumFields}
                          
There should be exactly one # between &'s, when an
\halign or \valign is being set up. In this case you had
none, so I've put one in; maybe that will work.


Package longtable Warning: Column widths have changed
(longtable)                in table 5.11 on input line 210.



[27] <./class_commands_ac7b086b85506ae1adc8c1376210dcd19_cgraph.pdf>
<class_commands_ac7b086b85506ae1adc8c1376210dcd19_cgraph.pdf, id=907, 298.11375
pt x 99.37125pt>
File: class_commands_ac7b086b85506ae1adc8c1376210dcd19_cgraph.pdf Graphic file 
(type pdf)
<use class_commands_ac7b086b85506ae1adc8c1376210dcd19_cgraph.pdf>
Package pdftex.def Info: class_commands_ac7b086b85506ae1adc8c1376210dcd19_cgrap
h.pdf  used on input line 249.
(pdftex.def)             Requested size: 297.0pt x 99.00557pt.
 <./class_commands_ac0b1b48d52f46ddae311724604b8ded3_cgraph.pdf>
<class_commands_ac0b1b48d52f46ddae311724604b8ded3_cgraph.pdf, id=916, 270.00874
pt x 99.37125pt>
File: class_commands_ac0b1b48d52f46ddae311724604b8ded3_cgraph.pdf Graphic file 
(type pdf)
<use class_commands_ac0b1b48d52f46ddae311724604b8ded3_cgraph.pdf>
Package pdftex.def Info: class_commands_ac0b1b48d52f46ddae311724604b8ded3_cgrap
h.pdf  used on input line 268.
(pdftex.def)             Requested size: 269.0pt x 99.00253pt.


[28] <./class_commands_a8e62a64369c9015c34dcb3d2f099f8b1_cgraph.pdf>
<class_commands_a8e62a64369c9015c34dcb3d2f099f8b1_cgraph.pdf, id=940, 280.04625
pt x 99.37125pt>
File: class_commands_a8e62a64369c9015c34dcb3d2f099f8b1_cgraph.pdf Graphic file 
(type pdf)
<use class_commands_a8e62a64369c9015c34dcb3d2f099f8b1_cgraph.pdf>
Package pdftex.def Info: class_commands_a8e62a64369c9015c34dcb3d2f099f8b1_cgrap
h.pdf  used on input line 287.
(pdftex.def)             Requested size: 279.0pt x 99.00406pt.
 <./class_commands_a74bd542f1e4ef1007d20b981efcfa6cd_cgraph.pdf>
<class_commands_a74bd542f1e4ef1007d20b981efcfa6cd_cgraph.pdf, id=948, 298.11375
pt x 99.37125pt>
File: class_commands_a74bd542f1e4ef1007d20b981efcfa6cd_cgraph.pdf Graphic file 
(type pdf)
<use class_commands_a74bd542f1e4ef1007d20b981efcfa6cd_cgraph.pdf>
Package pdftex.def Info: class_commands_a74bd542f1e4ef1007d20b981efcfa6cd_cgrap
h.pdf  used on input line 300.
(pdftex.def)             Requested size: 297.0pt x 99.00557pt.


[29]) (./struct_dh_param.tex

[30]) (./struct_dh_parameters.tex) (./class_joint.tex

[31] <./class_joint__coll__graph.pdf>
<class_joint__coll__graph.pdf, id=1026, 982.67125pt x 319.1925pt>
File: class_joint__coll__graph.pdf Graphic file (type pdf)
<use class_joint__coll__graph.pdf>
Package pdftex.def Info: class_joint__coll__graph.pdf  used on input line 13.
(pdftex.def)             Requested size: 350.0pt x 113.6867pt.


[32] <./class_joint_ae7bda5750f3439adb895f08000a9c1e3_cgraph.pdf>
<class_joint_ae7bda5750f3439adb895f08000a9c1e3_cgraph.pdf, id=1088, 242.9075pt 
x 99.37125pt>
File: class_joint_ae7bda5750f3439adb895f08000a9c1e3_cgraph.pdf Graphic file (ty
pe pdf)
<use class_joint_ae7bda5750f3439adb895f08000a9c1e3_cgraph.pdf>
Package pdftex.def Info: class_joint_ae7bda5750f3439adb895f08000a9c1e3_cgraph.p
df  used on input line 105.
(pdftex.def)             Requested size: 242.0pt x 98.99951pt.


[33] <./class_joint_a595af6dcf0b3affd8ba7d6adce3e4a96_icgraph.pdf>
<class_joint_a595af6dcf0b3affd8ba7d6adce3e4a96_icgraph.pdf, id=1116, 242.9075pt
 x 99.37125pt>
File: class_joint_a595af6dcf0b3affd8ba7d6adce3e4a96_icgraph.pdf Graphic file (t
ype pdf)
<use class_joint_a595af6dcf0b3affd8ba7d6adce3e4a96_icgraph.pdf>
Package pdftex.def Info: class_joint_a595af6dcf0b3affd8ba7d6adce3e4a96_icgraph.
pdf  used on input line 130.
(pdftex.def)             Requested size: 242.0pt x 98.99951pt.


[34]) (./class_kinematic.tex <./class_kinematic__coll__graph.pdf>
<class_kinematic__coll__graph.pdf, id=1142, 674.52pt x 466.74374pt>
File: class_kinematic__coll__graph.pdf Graphic file (type pdf)
<use class_kinematic__coll__graph.pdf>
Package pdftex.def Info: class_kinematic__coll__graph.pdf  used on input line 1
3.
(pdftex.def)             Requested size: 350.0pt x 242.18823pt.


[35]

[36]
! Undefined control sequence.
<argument> ...rtpbox {\@nextchar }\insert@pcolumn 
                                                  \@endpbox \do@row@strut \o...
l.115 \begin{DoxyParams}{Parameter}
                                   
The control sequence at the end of the top line
of your error message was never \def'ed. If you have
misspelled it (e.g., `\hobx'), type `I' and the correct
spelling (e.g., `I\hbox'). Otherwise just continue,
and I'll forget about whatever was undefined.

! Undefined control sequence.
<argument> ...rtpbox {\@nextchar }\insert@pcolumn 
                                                  \@endpbox \do@row@strut \o...
l.115 \begin{DoxyParams}{Parameter}
                                   
The control sequence at the end of the top line
of your error message was never \def'ed. If you have
misspelled it (e.g., `\hobx'), type `I' and the correct
spelling (e.g., `I\hbox'). Otherwise just continue,
and I'll forget about whatever was undefined.

! Missing # inserted in alignment preamble.
<to be read again> 
                   &
l.118 \end{DoxyParams}
                      
There should be exactly one # between &'s, when an
\halign or \valign is being set up. In this case you had
none, so I've put one in; maybe that will work.

! Missing # inserted in alignment preamble.
<to be read again> 
                   \cr 
l.118 \end{DoxyParams}
                      
There should be exactly one # between &'s, when an
\halign or \valign is being set up. In this case you had
none, so I've put one in; maybe that will work.

! Missing # inserted in alignment preamble.
<to be read again> 
                   &
l.118 \end{DoxyParams}
                      
There should be exactly one # between &'s, when an
\halign or \valign is being set up. In this case you had
none, so I've put one in; maybe that will work.

! Missing # inserted in alignment preamble.
<to be read again> 
                   \cr 
l.118 \end{DoxyParams}
                      
There should be exactly one # between &'s, when an
\halign or \valign is being set up. In this case you had
none, so I've put one in; maybe that will work.

! Missing # inserted in alignment preamble.
<to be read again> 
                   &
l.118 \end{DoxyParams}
                      
There should be exactly one # between &'s, when an
\halign or \valign is being set up. In this case you had
none, so I've put one in; maybe that will work.

! Missing # inserted in alignment preamble.
<to be read again> 
                   \cr 
l.118 \end{DoxyParams}
                      
There should be exactly one # between &'s, when an
\halign or \valign is being set up. In this case you had
none, so I've put one in; maybe that will work.

! Missing # inserted in alignment preamble.
<to be read again> 
                   &
l.118 \end{DoxyParams}
                      
There should be exactly one # between &'s, when an
\halign or \valign is being set up. In this case you had
none, so I've put one in; maybe that will work.

! Missing # inserted in alignment preamble.
<to be read again> 
                   \cr 
l.118 \end{DoxyParams}
                      
There should be exactly one # between &'s, when an
\halign or \valign is being set up. In this case you had
none, so I've put one in; maybe that will work.

! Missing # inserted in alignment preamble.
<to be read again> 
                   &
l.118 \end{DoxyParams}
                      
There should be exactly one # between &'s, when an
\halign or \valign is being set up. In this case you had
none, so I've put one in; maybe that will work.

! Missing # inserted in alignment preamble.
<to be read again> 
                   \cr 
l.118 \end{DoxyParams}
                      
There should be exactly one # between &'s, when an
\halign or \valign is being set up. In this case you had
none, so I've put one in; maybe that will work.

! Missing # inserted in alignment preamble.
<to be read again> 
                   &
l.118 \end{DoxyParams}
                      
There should be exactly one # between &'s, when an
\halign or \valign is being set up. In this case you had
none, so I've put one in; maybe that will work.

! Missing # inserted in alignment preamble.
<to be read again> 
                   \cr 
l.118 \end{DoxyParams}
                      
There should be exactly one # between &'s, when an
\halign or \valign is being set up. In this case you had
none, so I've put one in; maybe that will work.

! Missing # inserted in alignment preamble.
<to be read again> 
                   &
l.118 \end{DoxyParams}
                      
There should be exactly one # between &'s, when an
\halign or \valign is being set up. In this case you had
none, so I've put one in; maybe that will work.

! Missing # inserted in alignment preamble.
<to be read again> 
                   \cr 
l.118 \end{DoxyParams}
                      
There should be exactly one # between &'s, when an
\halign or \valign is being set up. In this case you had
none, so I've put one in; maybe that will work.

! Missing # inserted in alignment preamble.
<to be read again> 
                   &
l.118 \end{DoxyParams}
                      
There should be exactly one # between &'s, when an
\halign or \valign is being set up. In this case you had
none, so I've put one in; maybe that will work.

! Missing # inserted in alignment preamble.
<to be read again> 
                   \cr 
l.118 \end{DoxyParams}
                      
There should be exactly one # between &'s, when an
\halign or \valign is being set up. In this case you had
none, so I've put one in; maybe that will work.

! Missing # inserted in alignment preamble.
<to be read again> 
                   &
l.118 \end{DoxyParams}
                      
There should be exactly one # between &'s, when an
\halign or \valign is being set up. In this case you had
none, so I've put one in; maybe that will work.

! Missing # inserted in alignment preamble.
<to be read again> 
                   \cr 
l.118 \end{DoxyParams}
                      
There should be exactly one # between &'s, when an
\halign or \valign is being set up. In this case you had
none, so I've put one in; maybe that will work.


Package longtable Warning: Column widths have changed
(longtable)                in table 5.12 on input line 118.


Underfull \hbox (badness 10000) detected at line 119
[][][]
 []

 <./class_kinematic_aed35a0f15575c44ba0f62a42059e69c9_cgraph.pdf>
<class_kinematic_aed35a0f15575c44ba0f62a42059e69c9_cgraph.pdf, id=1246, 449.68p
t x 175.65625pt>
File: class_kinematic_aed35a0f15575c44ba0f62a42059e69c9_cgraph.pdf Graphic file
 (type pdf)
<use class_kinematic_aed35a0f15575c44ba0f62a42059e69c9_cgraph.pdf>
Package pdftex.def Info: class_kinematic_aed35a0f15575c44ba0f62a42059e69c9_cgra
ph.pdf  used on input line 126.
(pdftex.def)             Requested size: 350.0pt x 136.72452pt.
 <./class_kinematic_aed35a0f15575c44ba0f62a42059e69c9_icgraph.pdf>
<class_kinematic_aed35a0f15575c44ba0f62a42059e69c9_icgraph.pdf, id=1254, 349.30
5pt x 136.51pt>
File: class_kinematic_aed35a0f15575c44ba0f62a42059e69c9_icgraph.pdf Graphic fil
e (type pdf)
<use class_kinematic_aed35a0f15575c44ba0f62a42059e69c9_icgraph.pdf>
Package pdftex.def Info: class_kinematic_aed35a0f15575c44ba0f62a42059e69c9_icgr
aph.pdf  used on input line 133.
(pdftex.def)             Requested size: 348.0pt x 136.00766pt.


[37]
! Undefined control sequence.
<argument> ...rtpbox {\@nextchar }\insert@pcolumn 
                                                  \@endpbox \do@row@strut \o...
l.147 \begin{DoxyParams}{Parameter}
                                   
The control sequence at the end of the top line
of your error message was never \def'ed. If you have
misspelled it (e.g., `\hobx'), type `I' and the correct
spelling (e.g., `I\hbox'). Otherwise just continue,
and I'll forget about whatever was undefined.

! Undefined control sequence.
<argument> ...rtpbox {\@nextchar }\insert@pcolumn 
                                                  \@endpbox \do@row@strut \o...
l.147 \begin{DoxyParams}{Parameter}
                                   
The control sequence at the end of the top line
of your error message was never \def'ed. If you have
misspelled it (e.g., `\hobx'), type `I' and the correct
spelling (e.g., `I\hbox'). Otherwise just continue,
and I'll forget about whatever was undefined.

! Missing # inserted in alignment preamble.
<to be read again> 
                   &
l.150 \end{DoxyParams}
                      
There should be exactly one # between &'s, when an
\halign or \valign is being set up. In this case you had
none, so I've put one in; maybe that will work.

! Missing # inserted in alignment preamble.
<to be read again> 
                   \cr 
l.150 \end{DoxyParams}
                      
There should be exactly one # between &'s, when an
\halign or \valign is being set up. In this case you had
none, so I've put one in; maybe that will work.

! Missing # inserted in alignment preamble.
<to be read again> 
                   &
l.150 \end{DoxyParams}
                      
There should be exactly one # between &'s, when an
\halign or \valign is being set up. In this case you had
none, so I've put one in; maybe that will work.

! Missing # inserted in alignment preamble.
<to be read again> 
                   \cr 
l.150 \end{DoxyParams}
                      
There should be exactly one # between &'s, when an
\halign or \valign is being set up. In this case you had
none, so I've put one in; maybe that will work.

! Missing # inserted in alignment preamble.
<to be read again> 
                   &
l.150 \end{DoxyParams}
                      
There should be exactly one # between &'s, when an
\halign or \valign is being set up. In this case you had
none, so I've put one in; maybe that will work.

! Missing # inserted in alignment preamble.
<to be read again> 
                   \cr 
l.150 \end{DoxyParams}
                      
There should be exactly one # between &'s, when an
\halign or \valign is being set up. In this case you had
none, so I've put one in; maybe that will work.

! Missing # inserted in alignment preamble.
<to be read again> 
                   &
l.150 \end{DoxyParams}
                      
There should be exactly one # between &'s, when an
\halign or \valign is being set up. In this case you had
none, so I've put one in; maybe that will work.

! Missing # inserted in alignment preamble.
<to be read again> 
                   \cr 
l.150 \end{DoxyParams}
                      
There should be exactly one # between &'s, when an
\halign or \valign is being set up. In this case you had
none, so I've put one in; maybe that will work.

! Missing # inserted in alignment preamble.
<to be read again> 
                   &
l.150 \end{DoxyParams}
                      
There should be exactly one # between &'s, when an
\halign or \valign is being set up. In this case you had
none, so I've put one in; maybe that will work.

! Missing # inserted in alignment preamble.
<to be read again> 
                   \cr 
l.150 \end{DoxyParams}
                      
There should be exactly one # between &'s, when an
\halign or \valign is being set up. In this case you had
none, so I've put one in; maybe that will work.

! Missing # inserted in alignment preamble.
<to be read again> 
                   &
l.150 \end{DoxyParams}
                      
There should be exactly one # between &'s, when an
\halign or \valign is being set up. In this case you had
none, so I've put one in; maybe that will work.

! Missing # inserted in alignment preamble.
<to be read again> 
                   \cr 
l.150 \end{DoxyParams}
                      
There should be exactly one # between &'s, when an
\halign or \valign is being set up. In this case you had
none, so I've put one in; maybe that will work.

! Missing # inserted in alignment preamble.
<to be read again> 
                   &
l.150 \end{DoxyParams}
                      
There should be exactly one # between &'s, when an
\halign or \valign is being set up. In this case you had
none, so I've put one in; maybe that will work.

! Missing # inserted in alignment preamble.
<to be read again> 
                   \cr 
l.150 \end{DoxyParams}
                      
There should be exactly one # between &'s, when an
\halign or \valign is being set up. In this case you had
none, so I've put one in; maybe that will work.

! Missing # inserted in alignment preamble.
<to be read again> 
                   &
l.150 \end{DoxyParams}
                      
There should be exactly one # between &'s, when an
\halign or \valign is being set up. In this case you had
none, so I've put one in; maybe that will work.

! Missing # inserted in alignment preamble.
<to be read again> 
                   \cr 
l.150 \end{DoxyParams}
                      
There should be exactly one # between &'s, when an
\halign or \valign is being set up. In this case you had
none, so I've put one in; maybe that will work.

! Missing # inserted in alignment preamble.
<to be read again> 
                   &
l.150 \end{DoxyParams}
                      
There should be exactly one # between &'s, when an
\halign or \valign is being set up. In this case you had
none, so I've put one in; maybe that will work.

! Missing # inserted in alignment preamble.
<to be read again> 
                   \cr 
l.150 \end{DoxyParams}
                      
There should be exactly one # between &'s, when an
\halign or \valign is being set up. In this case you had
none, so I've put one in; maybe that will work.


Package longtable Warning: Column widths have changed
(longtable)                in table 5.13 on input line 150.


Underfull \hbox (badness 10000) detected at line 151
[][][]
 []

 <./class_kinematic_aef4876851b52873dff6f8b9e0d388121_cgraph.pdf>
<class_kinematic_aef4876851b52873dff6f8b9e0d388121_cgraph.pdf, id=1283, 603.253
75pt x 232.87pt>
File: class_kinematic_aef4876851b52873dff6f8b9e0d388121_cgraph.pdf Graphic file
 (type pdf)
<use class_kinematic_aef4876851b52873dff6f8b9e0d388121_cgraph.pdf>
Package pdftex.def Info: class_kinematic_aef4876851b52873dff6f8b9e0d388121_cgra
ph.pdf  used on input line 158.
(pdftex.def)             Requested size: 350.0pt x 135.10732pt.


[38]
! Undefined control sequence.
<argument> ...rtpbox {\@nextchar }\insert@pcolumn 
                                                  \@endpbox \do@row@strut \o...
l.174 \begin{DoxyParams}{Parameter}
                                   
The control sequence at the end of the top line
of your error message was never \def'ed. If you have
misspelled it (e.g., `\hobx'), type `I' and the correct
spelling (e.g., `I\hbox'). Otherwise just continue,
and I'll forget about whatever was undefined.

! Undefined control sequence.
<argument> ...rtpbox {\@nextchar }\insert@pcolumn 
                                                  \@endpbox \do@row@strut \o...
l.174 \begin{DoxyParams}{Parameter}
                                   
The control sequence at the end of the top line
of your error message was never \def'ed. If you have
misspelled it (e.g., `\hobx'), type `I' and the correct
spelling (e.g., `I\hbox'). Otherwise just continue,
and I'll forget about whatever was undefined.

! Missing # inserted in alignment preamble.
<to be read again> 
                   &
l.177 \end{DoxyParams}
                      
There should be exactly one # between &'s, when an
\halign or \valign is being set up. In this case you had
none, so I've put one in; maybe that will work.

! Missing # inserted in alignment preamble.
<to be read again> 
                   \cr 
l.177 \end{DoxyParams}
                      
There should be exactly one # between &'s, when an
\halign or \valign is being set up. In this case you had
none, so I've put one in; maybe that will work.

! Missing # inserted in alignment preamble.
<to be read again> 
                   &
l.177 \end{DoxyParams}
                      
There should be exactly one # between &'s, when an
\halign or \valign is being set up. In this case you had
none, so I've put one in; maybe that will work.

! Missing # inserted in alignment preamble.
<to be read again> 
                   \cr 
l.177 \end{DoxyParams}
                      
There should be exactly one # between &'s, when an
\halign or \valign is being set up. In this case you had
none, so I've put one in; maybe that will work.

! Missing # inserted in alignment preamble.
<to be read again> 
                   &
l.177 \end{DoxyParams}
                      
There should be exactly one # between &'s, when an
\halign or \valign is being set up. In this case you had
none, so I've put one in; maybe that will work.

! Missing # inserted in alignment preamble.
<to be read again> 
                   \cr 
l.177 \end{DoxyParams}
                      
There should be exactly one # between &'s, when an
\halign or \valign is being set up. In this case you had
none, so I've put one in; maybe that will work.

! Missing # inserted in alignment preamble.
<to be read again> 
                   &
l.177 \end{DoxyParams}
                      
There should be exactly one # between &'s, when an
\halign or \valign is being set up. In this case you had
none, so I've put one in; maybe that will work.

! Missing # inserted in alignment preamble.
<to be read again> 
                   \cr 
l.177 \end{DoxyParams}
                      
There should be exactly one # between &'s, when an
\halign or \valign is being set up. In this case you had
none, so I've put one in; maybe that will work.

! Missing # inserted in alignment preamble.
<to be read again> 
                   &
l.177 \end{DoxyParams}
                      
There should be exactly one # between &'s, when an
\halign or \valign is being set up. In this case you had
none, so I've put one in; maybe that will work.

! Missing # inserted in alignment preamble.
<to be read again> 
                   \cr 
l.177 \end{DoxyParams}
                      
There should be exactly one # between &'s, when an
\halign or \valign is being set up. In this case you had
none, so I've put one in; maybe that will work.

! Missing # inserted in alignment preamble.
<to be read again> 
                   &
l.177 \end{DoxyParams}
                      
There should be exactly one # between &'s, when an
\halign or \valign is being set up. In this case you had
none, so I've put one in; maybe that will work.

! Missing # inserted in alignment preamble.
<to be read again> 
                   \cr 
l.177 \end{DoxyParams}
                      
There should be exactly one # between &'s, when an
\halign or \valign is being set up. In this case you had
none, so I've put one in; maybe that will work.

! Missing # inserted in alignment preamble.
<to be read again> 
                   &
l.177 \end{DoxyParams}
                      
There should be exactly one # between &'s, when an
\halign or \valign is being set up. In this case you had
none, so I've put one in; maybe that will work.

! Missing # inserted in alignment preamble.
<to be read again> 
                   \cr 
l.177 \end{DoxyParams}
                      
There should be exactly one # between &'s, when an
\halign or \valign is being set up. In this case you had
none, so I've put one in; maybe that will work.

! Missing # inserted in alignment preamble.
<to be read again> 
                   &
l.177 \end{DoxyParams}
                      
There should be exactly one # between &'s, when an
\halign or \valign is being set up. In this case you had
none, so I've put one in; maybe that will work.

! Missing # inserted in alignment preamble.
<to be read again> 
                   \cr 
l.177 \end{DoxyParams}
                      
There should be exactly one # between &'s, when an
\halign or \valign is being set up. In this case you had
none, so I've put one in; maybe that will work.

! Missing # inserted in alignment preamble.
<to be read again> 
                   &
l.177 \end{DoxyParams}
                      
There should be exactly one # between &'s, when an
\halign or \valign is being set up. In this case you had
none, so I've put one in; maybe that will work.

! Missing # inserted in alignment preamble.
<to be read again> 
                   \cr 
l.177 \end{DoxyParams}
                      
There should be exactly one # between &'s, when an
\halign or \valign is being set up. In this case you had
none, so I've put one in; maybe that will work.


Package longtable Warning: Column widths have changed
(longtable)                in table 5.14 on input line 177.


Underfull \hbox (badness 10000) detected at line 178
[][][]
 []

! Undefined control sequence.
<argument> ...rtpbox {\@nextchar }\insert@pcolumn 
                                                  \@endpbox \do@row@strut \o...
l.192 \begin{DoxyParams}{Parameter}
                                   
The control sequence at the end of the top line
of your error message was never \def'ed. If you have
misspelled it (e.g., `\hobx'), type `I' and the correct
spelling (e.g., `I\hbox'). Otherwise just continue,
and I'll forget about whatever was undefined.

! Undefined control sequence.
<argument> ...rtpbox {\@nextchar }\insert@pcolumn 
                                                  \@endpbox \do@row@strut \o...
l.192 \begin{DoxyParams}{Parameter}
                                   
The control sequence at the end of the top line
of your error message was never \def'ed. If you have
misspelled it (e.g., `\hobx'), type `I' and the correct
spelling (e.g., `I\hbox'). Otherwise just continue,
and I'll forget about whatever was undefined.

! Missing # inserted in alignment preamble.
<to be read again> 
                   &
l.195 \end{DoxyParams}
                      
There should be exactly one # between &'s, when an
\halign or \valign is being set up. In this case you had
none, so I've put one in; maybe that will work.

! Missing # inserted in alignment preamble.
<to be read again> 
                   \cr 
l.195 \end{DoxyParams}
                      
There should be exactly one # between &'s, when an
\halign or \valign is being set up. In this case you had
none, so I've put one in; maybe that will work.

! Missing # inserted in alignment preamble.
<to be read again> 
                   &
l.195 \end{DoxyParams}
                      
There should be exactly one # between &'s, when an
\halign or \valign is being set up. In this case you had
none, so I've put one in; maybe that will work.

! Missing # inserted in alignment preamble.
<to be read again> 
                   \cr 
l.195 \end{DoxyParams}
                      
There should be exactly one # between &'s, when an
\halign or \valign is being set up. In this case you had
none, so I've put one in; maybe that will work.

! Missing # inserted in alignment preamble.
<to be read again> 
                   &
l.195 \end{DoxyParams}
                      
There should be exactly one # between &'s, when an
\halign or \valign is being set up. In this case you had
none, so I've put one in; maybe that will work.

! Missing # inserted in alignment preamble.
<to be read again> 
                   \cr 
l.195 \end{DoxyParams}
                      
There should be exactly one # between &'s, when an
\halign or \valign is being set up. In this case you had
none, so I've put one in; maybe that will work.

! Missing # inserted in alignment preamble.
<to be read again> 
                   &
l.195 \end{DoxyParams}
                      
There should be exactly one # between &'s, when an
\halign or \valign is being set up. In this case you had
none, so I've put one in; maybe that will work.

! Missing # inserted in alignment preamble.
<to be read again> 
                   \cr 
l.195 \end{DoxyParams}
                      
There should be exactly one # between &'s, when an
\halign or \valign is being set up. In this case you had
none, so I've put one in; maybe that will work.

! Missing # inserted in alignment preamble.
<to be read again> 
                   &
l.195 \end{DoxyParams}
                      
There should be exactly one # between &'s, when an
\halign or \valign is being set up. In this case you had
none, so I've put one in; maybe that will work.

! Missing # inserted in alignment preamble.
<to be read again> 
                   \cr 
l.195 \end{DoxyParams}
                      
There should be exactly one # between &'s, when an
\halign or \valign is being set up. In this case you had
none, so I've put one in; maybe that will work.

! Missing # inserted in alignment preamble.
<to be read again> 
                   &
l.195 \end{DoxyParams}
                      
There should be exactly one # between &'s, when an
\halign or \valign is being set up. In this case you had
none, so I've put one in; maybe that will work.

! Missing # inserted in alignment preamble.
<to be read again> 
                   \cr 
l.195 \end{DoxyParams}
                      
There should be exactly one # between &'s, when an
\halign or \valign is being set up. In this case you had
none, so I've put one in; maybe that will work.

! Missing # inserted in alignment preamble.
<to be read again> 
                   &
l.195 \end{DoxyParams}
                      
There should be exactly one # between &'s, when an
\halign or \valign is being set up. In this case you had
none, so I've put one in; maybe that will work.

! Missing # inserted in alignment preamble.
<to be read again> 
                   \cr 
l.195 \end{DoxyParams}
                      
There should be exactly one # between &'s, when an
\halign or \valign is being set up. In this case you had
none, so I've put one in; maybe that will work.

! Missing # inserted in alignment preamble.
<to be read again> 
                   &
l.195 \end{DoxyParams}
                      
There should be exactly one # between &'s, when an
\halign or \valign is being set up. In this case you had
none, so I've put one in; maybe that will work.

! Missing # inserted in alignment preamble.
<to be read again> 
                   \cr 
l.195 \end{DoxyParams}
                      
There should be exactly one # between &'s, when an
\halign or \valign is being set up. In this case you had
none, so I've put one in; maybe that will work.

! Missing # inserted in alignment preamble.
<to be read again> 
                   &
l.195 \end{DoxyParams}
                      
There should be exactly one # between &'s, when an
\halign or \valign is being set up. In this case you had
none, so I've put one in; maybe that will work.

! Missing # inserted in alignment preamble.
<to be read again> 
                   \cr 
l.195 \end{DoxyParams}
                      
There should be exactly one # between &'s, when an
\halign or \valign is being set up. In this case you had
none, so I've put one in; maybe that will work.


Package longtable Warning: Column widths have changed
(longtable)                in table 5.15 on input line 195.


Underfull \hbox (badness 10000) detected at line 196
[][][]
 []

 <./class_kinematic_ae03636412ecab6f5a53e8c3d9069e369_cgraph.pdf>
<class_kinematic_ae03636412ecab6f5a53e8c3d9069e369_cgraph.pdf, id=1309, 606.265
pt x 341.275pt>
File: class_kinematic_ae03636412ecab6f5a53e8c3d9069e369_cgraph.pdf Graphic file
 (type pdf)
<use class_kinematic_ae03636412ecab6f5a53e8c3d9069e369_cgraph.pdf>
Package pdftex.def Info: class_kinematic_ae03636412ecab6f5a53e8c3d9069e369_cgra
ph.pdf  used on input line 203.
(pdftex.def)             Requested size: 350.0pt x 197.02312pt.


[39]
! Undefined control sequence.
<argument> ...rtpbox {\@nextchar }\insert@pcolumn 
                                                  \@endpbox \do@row@strut \o...
l.217 \begin{DoxyParams}{Parameter}
                                   
The control sequence at the end of the top line
of your error message was never \def'ed. If you have
misspelled it (e.g., `\hobx'), type `I' and the correct
spelling (e.g., `I\hbox'). Otherwise just continue,
and I'll forget about whatever was undefined.

! Undefined control sequence.
<argument> ...rtpbox {\@nextchar }\insert@pcolumn 
                                                  \@endpbox \do@row@strut \o...
l.217 \begin{DoxyParams}{Parameter}
                                   
The control sequence at the end of the top line
of your error message was never \def'ed. If you have
misspelled it (e.g., `\hobx'), type `I' and the correct
spelling (e.g., `I\hbox'). Otherwise just continue,
and I'll forget about whatever was undefined.

! Missing # inserted in alignment preamble.
<to be read again> 
                   &
l.222 \end{DoxyParams}
                      
There should be exactly one # between &'s, when an
\halign or \valign is being set up. In this case you had
none, so I've put one in; maybe that will work.

! Missing # inserted in alignment preamble.
<to be read again> 
                   \cr 
l.222 \end{DoxyParams}
                      
There should be exactly one # between &'s, when an
\halign or \valign is being set up. In this case you had
none, so I've put one in; maybe that will work.

! Missing # inserted in alignment preamble.
<to be read again> 
                   &
l.222 \end{DoxyParams}
                      
There should be exactly one # between &'s, when an
\halign or \valign is being set up. In this case you had
none, so I've put one in; maybe that will work.

! Missing # inserted in alignment preamble.
<to be read again> 
                   \cr 
l.222 \end{DoxyParams}
                      
There should be exactly one # between &'s, when an
\halign or \valign is being set up. In this case you had
none, so I've put one in; maybe that will work.

! Missing # inserted in alignment preamble.
<to be read again> 
                   &
l.222 \end{DoxyParams}
                      
There should be exactly one # between &'s, when an
\halign or \valign is being set up. In this case you had
none, so I've put one in; maybe that will work.

! Missing # inserted in alignment preamble.
<to be read again> 
                   \cr 
l.222 \end{DoxyParams}
                      
There should be exactly one # between &'s, when an
\halign or \valign is being set up. In this case you had
none, so I've put one in; maybe that will work.

! Missing # inserted in alignment preamble.
<to be read again> 
                   &
l.222 \end{DoxyParams}
                      
There should be exactly one # between &'s, when an
\halign or \valign is being set up. In this case you had
none, so I've put one in; maybe that will work.

! Missing # inserted in alignment preamble.
<to be read again> 
                   \cr 
l.222 \end{DoxyParams}
                      
There should be exactly one # between &'s, when an
\halign or \valign is being set up. In this case you had
none, so I've put one in; maybe that will work.

! Missing # inserted in alignment preamble.
<to be read again> 
                   &
l.222 \end{DoxyParams}
                      
There should be exactly one # between &'s, when an
\halign or \valign is being set up. In this case you had
none, so I've put one in; maybe that will work.

! Missing # inserted in alignment preamble.
<to be read again> 
                   \cr 
l.222 \end{DoxyParams}
                      
There should be exactly one # between &'s, when an
\halign or \valign is being set up. In this case you had
none, so I've put one in; maybe that will work.

! Missing # inserted in alignment preamble.
<to be read again> 
                   &
l.222 \end{DoxyParams}
                      
There should be exactly one # between &'s, when an
\halign or \valign is being set up. In this case you had
none, so I've put one in; maybe that will work.

! Missing # inserted in alignment preamble.
<to be read again> 
                   \cr 
l.222 \end{DoxyParams}
                      
There should be exactly one # between &'s, when an
\halign or \valign is being set up. In this case you had
none, so I've put one in; maybe that will work.

! Missing # inserted in alignment preamble.
<to be read again> 
                   &
l.222 \end{DoxyParams}
                      
There should be exactly one # between &'s, when an
\halign or \valign is being set up. In this case you had
none, so I've put one in; maybe that will work.

! Missing # inserted in alignment preamble.
<to be read again> 
                   \cr 
l.222 \end{DoxyParams}
                      
There should be exactly one # between &'s, when an
\halign or \valign is being set up. In this case you had
none, so I've put one in; maybe that will work.

! Missing # inserted in alignment preamble.
<to be read again> 
                   &
l.222 \end{DoxyParams}
                      
There should be exactly one # between &'s, when an
\halign or \valign is being set up. In this case you had
none, so I've put one in; maybe that will work.

! Missing # inserted in alignment preamble.
<to be read again> 
                   \cr 
l.222 \end{DoxyParams}
                      
There should be exactly one # between &'s, when an
\halign or \valign is being set up. In this case you had
none, so I've put one in; maybe that will work.

! Missing # inserted in alignment preamble.
<to be read again> 
                   &
l.222 \end{DoxyParams}
                      
There should be exactly one # between &'s, when an
\halign or \valign is being set up. In this case you had
none, so I've put one in; maybe that will work.

! Missing # inserted in alignment preamble.
<to be read again> 
                   \cr 
l.222 \end{DoxyParams}
                      
There should be exactly one # between &'s, when an
\halign or \valign is being set up. In this case you had
none, so I've put one in; maybe that will work.


Package longtable Warning: Column widths have changed
(longtable)                in table 5.16 on input line 222.


Underfull \hbox (badness 10000) detected at line 223
[][][]
 []

 <./class_kinematic_aff4c2e3469d83e34b80eb8afe3b48a62_cgraph.pdf>
<class_kinematic_aff4c2e3469d83e34b80eb8afe3b48a62_cgraph.pdf, id=1333, 435.627
5pt x 173.64874pt>
File: class_kinematic_aff4c2e3469d83e34b80eb8afe3b48a62_cgraph.pdf Graphic file
 (type pdf)
<use class_kinematic_aff4c2e3469d83e34b80eb8afe3b48a62_cgraph.pdf>
Package pdftex.def Info: class_kinematic_aff4c2e3469d83e34b80eb8afe3b48a62_cgra
ph.pdf  used on input line 230.
(pdftex.def)             Requested size: 350.0pt x 139.51535pt.
 <./class_kinematic_aff4c2e3469d83e34b80eb8afe3b48a62_icgraph.pdf>
<class_kinematic_aff4c2e3469d83e34b80eb8afe3b48a62_icgraph.pdf, id=1341, 352.31
625pt x 99.37125pt>
File: class_kinematic_aff4c2e3469d83e34b80eb8afe3b48a62_icgraph.pdf Graphic fil
e (type pdf)
<use class_kinematic_aff4c2e3469d83e34b80eb8afe3b48a62_icgraph.pdf>
Package pdftex.def Info: class_kinematic_aff4c2e3469d83e34b80eb8afe3b48a62_icgr
aph.pdf  used on input line 237.
(pdftex.def)             Requested size: 350.0pt x 98.71748pt.


[40]
! Undefined control sequence.
<argument> ...rtpbox {\@nextchar }\insert@pcolumn 
                                                  \@endpbox \do@row@strut \o...
l.251 \begin{DoxyParams}{Parameter}
                                   
The control sequence at the end of the top line
of your error message was never \def'ed. If you have
misspelled it (e.g., `\hobx'), type `I' and the correct
spelling (e.g., `I\hbox'). Otherwise just continue,
and I'll forget about whatever was undefined.

! Undefined control sequence.
<argument> ...rtpbox {\@nextchar }\insert@pcolumn 
                                                  \@endpbox \do@row@strut \o...
l.251 \begin{DoxyParams}{Parameter}
                                   
The control sequence at the end of the top line
of your error message was never \def'ed. If you have
misspelled it (e.g., `\hobx'), type `I' and the correct
spelling (e.g., `I\hbox'). Otherwise just continue,
and I'll forget about whatever was undefined.

! Missing # inserted in alignment preamble.
<to be read again> 
                   &
l.254 \end{DoxyParams}
                      
There should be exactly one # between &'s, when an
\halign or \valign is being set up. In this case you had
none, so I've put one in; maybe that will work.

! Missing # inserted in alignment preamble.
<to be read again> 
                   \cr 
l.254 \end{DoxyParams}
                      
There should be exactly one # between &'s, when an
\halign or \valign is being set up. In this case you had
none, so I've put one in; maybe that will work.

! Missing # inserted in alignment preamble.
<to be read again> 
                   &
l.254 \end{DoxyParams}
                      
There should be exactly one # between &'s, when an
\halign or \valign is being set up. In this case you had
none, so I've put one in; maybe that will work.

! Missing # inserted in alignment preamble.
<to be read again> 
                   \cr 
l.254 \end{DoxyParams}
                      
There should be exactly one # between &'s, when an
\halign or \valign is being set up. In this case you had
none, so I've put one in; maybe that will work.

! Missing # inserted in alignment preamble.
<to be read again> 
                   &
l.254 \end{DoxyParams}
                      
There should be exactly one # between &'s, when an
\halign or \valign is being set up. In this case you had
none, so I've put one in; maybe that will work.

! Missing # inserted in alignment preamble.
<to be read again> 
                   \cr 
l.254 \end{DoxyParams}
                      
There should be exactly one # between &'s, when an
\halign or \valign is being set up. In this case you had
none, so I've put one in; maybe that will work.

! Missing # inserted in alignment preamble.
<to be read again> 
                   &
l.254 \end{DoxyParams}
                      
There should be exactly one # between &'s, when an
\halign or \valign is being set up. In this case you had
none, so I've put one in; maybe that will work.

! Missing # inserted in alignment preamble.
<to be read again> 
                   \cr 
l.254 \end{DoxyParams}
                      
There should be exactly one # between &'s, when an
\halign or \valign is being set up. In this case you had
none, so I've put one in; maybe that will work.

! Missing # inserted in alignment preamble.
<to be read again> 
                   &
l.254 \end{DoxyParams}
                      
There should be exactly one # between &'s, when an
\halign or \valign is being set up. In this case you had
none, so I've put one in; maybe that will work.

! Missing # inserted in alignment preamble.
<to be read again> 
                   \cr 
l.254 \end{DoxyParams}
                      
There should be exactly one # between &'s, when an
\halign or \valign is being set up. In this case you had
none, so I've put one in; maybe that will work.

! Missing # inserted in alignment preamble.
<to be read again> 
                   &
l.254 \end{DoxyParams}
                      
There should be exactly one # between &'s, when an
\halign or \valign is being set up. In this case you had
none, so I've put one in; maybe that will work.

! Missing # inserted in alignment preamble.
<to be read again> 
                   \cr 
l.254 \end{DoxyParams}
                      
There should be exactly one # between &'s, when an
\halign or \valign is being set up. In this case you had
none, so I've put one in; maybe that will work.

! Missing # inserted in alignment preamble.
<to be read again> 
                   &
l.254 \end{DoxyParams}
                      
There should be exactly one # between &'s, when an
\halign or \valign is being set up. In this case you had
none, so I've put one in; maybe that will work.

! Missing # inserted in alignment preamble.
<to be read again> 
                   \cr 
l.254 \end{DoxyParams}
                      
There should be exactly one # between &'s, when an
\halign or \valign is being set up. In this case you had
none, so I've put one in; maybe that will work.

! Missing # inserted in alignment preamble.
<to be read again> 
                   &
l.254 \end{DoxyParams}
                      
There should be exactly one # between &'s, when an
\halign or \valign is being set up. In this case you had
none, so I've put one in; maybe that will work.

! Missing # inserted in alignment preamble.
<to be read again> 
                   \cr 
l.254 \end{DoxyParams}
                      
There should be exactly one # between &'s, when an
\halign or \valign is being set up. In this case you had
none, so I've put one in; maybe that will work.

! Missing # inserted in alignment preamble.
<to be read again> 
                   &
l.254 \end{DoxyParams}
                      
There should be exactly one # between &'s, when an
\halign or \valign is being set up. In this case you had
none, so I've put one in; maybe that will work.

! Missing # inserted in alignment preamble.
<to be read again> 
                   \cr 
l.254 \end{DoxyParams}
                      
There should be exactly one # between &'s, when an
\halign or \valign is being set up. In this case you had
none, so I've put one in; maybe that will work.


Package longtable Warning: Column widths have changed
(longtable)                in table 5.17 on input line 254.


Underfull \hbox (badness 10000) detected at line 255
[][][]
 []

 <./class_kinematic_aa1cba6a32703d92f41c29ee59884f89a_cgraph.pdf>
<class_kinematic_aa1cba6a32703d92f41c29ee59884f89a_cgraph.pdf, id=1364, 296.106
25pt x 210.7875pt>
File: class_kinematic_aa1cba6a32703d92f41c29ee59884f89a_cgraph.pdf Graphic file
 (type pdf)
<use class_kinematic_aa1cba6a32703d92f41c29ee59884f89a_cgraph.pdf>
Package pdftex.def Info: class_kinematic_aa1cba6a32703d92f41c29ee59884f89a_cgra
ph.pdf  used on input line 262.
(pdftex.def)             Requested size: 295.0pt x 210.0054pt.
 <./class_kinematic_aa1cba6a32703d92f41c29ee59884f89a_icgraph.pdf>
<class_kinematic_aa1cba6a32703d92f41c29ee59884f89a_icgraph.pdf, id=1372, 340.27
126pt x 99.37125pt>
File: class_kinematic_aa1cba6a32703d92f41c29ee59884f89a_icgraph.pdf Graphic fil
e (type pdf)
<use class_kinematic_aa1cba6a32703d92f41c29ee59884f89a_icgraph.pdf>
Package pdftex.def Info: class_kinematic_aa1cba6a32703d92f41c29ee59884f89a_icgr
aph.pdf  used on input line 269.
(pdftex.def)             Requested size: 339.0pt x 99.00557pt.


[41]
! Undefined control sequence.
<argument> ...rtpbox {\@nextchar }\insert@pcolumn 
                                                  \@endpbox \do@row@strut \o...
l.283 \begin{DoxyParams}{Parameter}
                                   
The control sequence at the end of the top line
of your error message was never \def'ed. If you have
misspelled it (e.g., `\hobx'), type `I' and the correct
spelling (e.g., `I\hbox'). Otherwise just continue,
and I'll forget about whatever was undefined.

! Undefined control sequence.
<argument> ...rtpbox {\@nextchar }\insert@pcolumn 
                                                  \@endpbox \do@row@strut \o...
l.283 \begin{DoxyParams}{Parameter}
                                   
The control sequence at the end of the top line
of your error message was never \def'ed. If you have
misspelled it (e.g., `\hobx'), type `I' and the correct
spelling (e.g., `I\hbox'). Otherwise just continue,
and I'll forget about whatever was undefined.

! Missing # inserted in alignment preamble.
<to be read again> 
                   &
l.286 \end{DoxyParams}
                      
There should be exactly one # between &'s, when an
\halign or \valign is being set up. In this case you had
none, so I've put one in; maybe that will work.

! Missing # inserted in alignment preamble.
<to be read again> 
                   \cr 
l.286 \end{DoxyParams}
                      
There should be exactly one # between &'s, when an
\halign or \valign is being set up. In this case you had
none, so I've put one in; maybe that will work.

! Missing # inserted in alignment preamble.
<to be read again> 
                   &
l.286 \end{DoxyParams}
                      
There should be exactly one # between &'s, when an
\halign or \valign is being set up. In this case you had
none, so I've put one in; maybe that will work.

! Missing # inserted in alignment preamble.
<to be read again> 
                   \cr 
l.286 \end{DoxyParams}
                      
There should be exactly one # between &'s, when an
\halign or \valign is being set up. In this case you had
none, so I've put one in; maybe that will work.

! Missing # inserted in alignment preamble.
<to be read again> 
                   &
l.286 \end{DoxyParams}
                      
There should be exactly one # between &'s, when an
\halign or \valign is being set up. In this case you had
none, so I've put one in; maybe that will work.

! Missing # inserted in alignment preamble.
<to be read again> 
                   \cr 
l.286 \end{DoxyParams}
                      
There should be exactly one # between &'s, when an
\halign or \valign is being set up. In this case you had
none, so I've put one in; maybe that will work.

! Missing # inserted in alignment preamble.
<to be read again> 
                   &
l.286 \end{DoxyParams}
                      
There should be exactly one # between &'s, when an
\halign or \valign is being set up. In this case you had
none, so I've put one in; maybe that will work.

! Missing # inserted in alignment preamble.
<to be read again> 
                   \cr 
l.286 \end{DoxyParams}
                      
There should be exactly one # between &'s, when an
\halign or \valign is being set up. In this case you had
none, so I've put one in; maybe that will work.

! Missing # inserted in alignment preamble.
<to be read again> 
                   &
l.286 \end{DoxyParams}
                      
There should be exactly one # between &'s, when an
\halign or \valign is being set up. In this case you had
none, so I've put one in; maybe that will work.

! Missing # inserted in alignment preamble.
<to be read again> 
                   \cr 
l.286 \end{DoxyParams}
                      
There should be exactly one # between &'s, when an
\halign or \valign is being set up. In this case you had
none, so I've put one in; maybe that will work.

! Missing # inserted in alignment preamble.
<to be read again> 
                   &
l.286 \end{DoxyParams}
                      
There should be exactly one # between &'s, when an
\halign or \valign is being set up. In this case you had
none, so I've put one in; maybe that will work.

! Missing # inserted in alignment preamble.
<to be read again> 
                   \cr 
l.286 \end{DoxyParams}
                      
There should be exactly one # between &'s, when an
\halign or \valign is being set up. In this case you had
none, so I've put one in; maybe that will work.

! Missing # inserted in alignment preamble.
<to be read again> 
                   &
l.286 \end{DoxyParams}
                      
There should be exactly one # between &'s, when an
\halign or \valign is being set up. In this case you had
none, so I've put one in; maybe that will work.

! Missing # inserted in alignment preamble.
<to be read again> 
                   \cr 
l.286 \end{DoxyParams}
                      
There should be exactly one # between &'s, when an
\halign or \valign is being set up. In this case you had
none, so I've put one in; maybe that will work.

! Missing # inserted in alignment preamble.
<to be read again> 
                   &
l.286 \end{DoxyParams}
                      
There should be exactly one # between &'s, when an
\halign or \valign is being set up. In this case you had
none, so I've put one in; maybe that will work.

! Missing # inserted in alignment preamble.
<to be read again> 
                   \cr 
l.286 \end{DoxyParams}
                      
There should be exactly one # between &'s, when an
\halign or \valign is being set up. In this case you had
none, so I've put one in; maybe that will work.

! Missing # inserted in alignment preamble.
<to be read again> 
                   &
l.286 \end{DoxyParams}
                      
There should be exactly one # between &'s, when an
\halign or \valign is being set up. In this case you had
none, so I've put one in; maybe that will work.

! Missing # inserted in alignment preamble.
<to be read again> 
                   \cr 
l.286 \end{DoxyParams}
                      
There should be exactly one # between &'s, when an
\halign or \valign is being set up. In this case you had
none, so I've put one in; maybe that will work.


Package longtable Warning: Column widths have changed
(longtable)                in table 5.18 on input line 286.


Underfull \hbox (badness 10000) detected at line 287
[][][]
 []

 <./class_kinematic_aeed737d1bf66f66d517f2907eb02c907_cgraph.pdf>
<class_kinematic_aeed737d1bf66f66d517f2907eb02c907_cgraph.pdf, id=1391, 280.046
25pt x 99.37125pt>
File: class_kinematic_aeed737d1bf66f66d517f2907eb02c907_cgraph.pdf Graphic file
 (type pdf)
<use class_kinematic_aeed737d1bf66f66d517f2907eb02c907_cgraph.pdf>
Package pdftex.def Info: class_kinematic_aeed737d1bf66f66d517f2907eb02c907_cgra
ph.pdf  used on input line 294.
(pdftex.def)             Requested size: 279.0pt x 99.00406pt.
 <./class_kinematic_aeed737d1bf66f66d517f2907eb02c907_icgraph.pdf>
<class_kinematic_aeed737d1bf66f66d517f2907eb02c907_icgraph.pdf, id=1399, 505.89
pt x 175.65625pt>
File: class_kinematic_aeed737d1bf66f66d517f2907eb02c907_icgraph.pdf Graphic fil
e (type pdf)
<use class_kinematic_aeed737d1bf66f66d517f2907eb02c907_icgraph.pdf>
Package pdftex.def Info: class_kinematic_aeed737d1bf66f66d517f2907eb02c907_icgr
aph.pdf  used on input line 301.
(pdftex.def)             Requested size: 350.0pt x 121.52992pt.


[42]
! Undefined control sequence.
<argument> ...rtpbox {\@nextchar }\insert@pcolumn 
                                                  \@endpbox \do@row@strut \o...
l.317 \begin{DoxyParams}{Parameter}
                                   
The control sequence at the end of the top line
of your error message was never \def'ed. If you have
misspelled it (e.g., `\hobx'), type `I' and the correct
spelling (e.g., `I\hbox'). Otherwise just continue,
and I'll forget about whatever was undefined.

! Undefined control sequence.
<argument> ...rtpbox {\@nextchar }\insert@pcolumn 
                                                  \@endpbox \do@row@strut \o...
l.317 \begin{DoxyParams}{Parameter}
                                   
The control sequence at the end of the top line
of your error message was never \def'ed. If you have
misspelled it (e.g., `\hobx'), type `I' and the correct
spelling (e.g., `I\hbox'). Otherwise just continue,
and I'll forget about whatever was undefined.

! Missing # inserted in alignment preamble.
<to be read again> 
                   &
l.322 \end{DoxyParams}
                      
There should be exactly one # between &'s, when an
\halign or \valign is being set up. In this case you had
none, so I've put one in; maybe that will work.

! Missing # inserted in alignment preamble.
<to be read again> 
                   \cr 
l.322 \end{DoxyParams}
                      
There should be exactly one # between &'s, when an
\halign or \valign is being set up. In this case you had
none, so I've put one in; maybe that will work.

! Missing # inserted in alignment preamble.
<to be read again> 
                   &
l.322 \end{DoxyParams}
                      
There should be exactly one # between &'s, when an
\halign or \valign is being set up. In this case you had
none, so I've put one in; maybe that will work.

! Missing # inserted in alignment preamble.
<to be read again> 
                   \cr 
l.322 \end{DoxyParams}
                      
There should be exactly one # between &'s, when an
\halign or \valign is being set up. In this case you had
none, so I've put one in; maybe that will work.

! Missing # inserted in alignment preamble.
<to be read again> 
                   &
l.322 \end{DoxyParams}
                      
There should be exactly one # between &'s, when an
\halign or \valign is being set up. In this case you had
none, so I've put one in; maybe that will work.

! Missing # inserted in alignment preamble.
<to be read again> 
                   \cr 
l.322 \end{DoxyParams}
                      
There should be exactly one # between &'s, when an
\halign or \valign is being set up. In this case you had
none, so I've put one in; maybe that will work.

! Missing # inserted in alignment preamble.
<to be read again> 
                   &
l.322 \end{DoxyParams}
                      
There should be exactly one # between &'s, when an
\halign or \valign is being set up. In this case you had
none, so I've put one in; maybe that will work.

! Missing # inserted in alignment preamble.
<to be read again> 
                   \cr 
l.322 \end{DoxyParams}
                      
There should be exactly one # between &'s, when an
\halign or \valign is being set up. In this case you had
none, so I've put one in; maybe that will work.

! Missing # inserted in alignment preamble.
<to be read again> 
                   &
l.322 \end{DoxyParams}
                      
There should be exactly one # between &'s, when an
\halign or \valign is being set up. In this case you had
none, so I've put one in; maybe that will work.

! Missing # inserted in alignment preamble.
<to be read again> 
                   \cr 
l.322 \end{DoxyParams}
                      
There should be exactly one # between &'s, when an
\halign or \valign is being set up. In this case you had
none, so I've put one in; maybe that will work.

! Missing # inserted in alignment preamble.
<to be read again> 
                   &
l.322 \end{DoxyParams}
                      
There should be exactly one # between &'s, when an
\halign or \valign is being set up. In this case you had
none, so I've put one in; maybe that will work.

! Missing # inserted in alignment preamble.
<to be read again> 
                   \cr 
l.322 \end{DoxyParams}
                      
There should be exactly one # between &'s, when an
\halign or \valign is being set up. In this case you had
none, so I've put one in; maybe that will work.

! Missing # inserted in alignment preamble.
<to be read again> 
                   &
l.322 \end{DoxyParams}
                      
There should be exactly one # between &'s, when an
\halign or \valign is being set up. In this case you had
none, so I've put one in; maybe that will work.

! Missing # inserted in alignment preamble.
<to be read again> 
                   \cr 
l.322 \end{DoxyParams}
                      
There should be exactly one # between &'s, when an
\halign or \valign is being set up. In this case you had
none, so I've put one in; maybe that will work.

! Missing # inserted in alignment preamble.
<to be read again> 
                   &
l.322 \end{DoxyParams}
                      
There should be exactly one # between &'s, when an
\halign or \valign is being set up. In this case you had
none, so I've put one in; maybe that will work.

! Missing # inserted in alignment preamble.
<to be read again> 
                   \cr 
l.322 \end{DoxyParams}
                      
There should be exactly one # between &'s, when an
\halign or \valign is being set up. In this case you had
none, so I've put one in; maybe that will work.

! Missing # inserted in alignment preamble.
<to be read again> 
                   &
l.322 \end{DoxyParams}
                      
There should be exactly one # between &'s, when an
\halign or \valign is being set up. In this case you had
none, so I've put one in; maybe that will work.

! Missing # inserted in alignment preamble.
<to be read again> 
                   \cr 
l.322 \end{DoxyParams}
                      
There should be exactly one # between &'s, when an
\halign or \valign is being set up. In this case you had
none, so I've put one in; maybe that will work.


Package longtable Warning: Column widths have changed
(longtable)                in table 5.19 on input line 322.


Underfull \hbox (badness 10000) detected at line 323
[][][]
 []

 <./class_kinematic_ac7021e76ae9927bcb2d17dbe8ef6a75a_cgraph.pdf>
<class_kinematic_ac7021e76ae9927bcb2d17dbe8ef6a75a_cgraph.pdf, id=1419, 294.098
75pt x 99.37125pt>
File: class_kinematic_ac7021e76ae9927bcb2d17dbe8ef6a75a_cgraph.pdf Graphic file
 (type pdf)
<use class_kinematic_ac7021e76ae9927bcb2d17dbe8ef6a75a_cgraph.pdf>
Package pdftex.def Info: class_kinematic_ac7021e76ae9927bcb2d17dbe8ef6a75a_cgra
ph.pdf  used on input line 330.
(pdftex.def)             Requested size: 293.0pt x 99.00102pt.
 <./class_kinematic_ac7021e76ae9927bcb2d17dbe8ef6a75a_icgraph.pdf>
<class_kinematic_ac7021e76ae9927bcb2d17dbe8ef6a75a_icgraph.pdf, id=1427, 497.86
pt x 136.51pt>
File: class_kinematic_ac7021e76ae9927bcb2d17dbe8ef6a75a_icgraph.pdf Graphic fil
e (type pdf)
<use class_kinematic_ac7021e76ae9927bcb2d17dbe8ef6a75a_icgraph.pdf>
Package pdftex.def Info: class_kinematic_ac7021e76ae9927bcb2d17dbe8ef6a75a_icgr
aph.pdf  used on input line 337.
(pdftex.def)             Requested size: 350.0pt x 95.96877pt.

! Undefined control sequence.
<argument> ...rtpbox {\@nextchar }\insert@pcolumn 
                                                  \@endpbox \do@row@strut \o...
l.351 \begin{DoxyParams}{Parameter}
                                   
The control sequence at the end of the top line
of your error message was never \def'ed. If you have
misspelled it (e.g., `\hobx'), type `I' and the correct
spelling (e.g., `I\hbox'). Otherwise just continue,
and I'll forget about whatever was undefined.

! Undefined control sequence.
<argument> ...rtpbox {\@nextchar }\insert@pcolumn 
                                                  \@endpbox \do@row@strut \o...
l.351 \begin{DoxyParams}{Parameter}
                                   
The control sequence at the end of the top line
of your error message was never \def'ed. If you have
misspelled it (e.g., `\hobx'), type `I' and the correct
spelling (e.g., `I\hbox'). Otherwise just continue,
and I'll forget about whatever was undefined.

! Missing # inserted in alignment preamble.
<to be read again> 
                   &
l.354 \end{DoxyParams}
                      
There should be exactly one # between &'s, when an
\halign or \valign is being set up. In this case you had
none, so I've put one in; maybe that will work.

! Missing # inserted in alignment preamble.
<to be read again> 
                   \cr 
l.354 \end{DoxyParams}
                      
There should be exactly one # between &'s, when an
\halign or \valign is being set up. In this case you had
none, so I've put one in; maybe that will work.

! Missing # inserted in alignment preamble.
<to be read again> 
                   &
l.354 \end{DoxyParams}
                      
There should be exactly one # between &'s, when an
\halign or \valign is being set up. In this case you had
none, so I've put one in; maybe that will work.

! Missing # inserted in alignment preamble.
<to be read again> 
                   \cr 
l.354 \end{DoxyParams}
                      
There should be exactly one # between &'s, when an
\halign or \valign is being set up. In this case you had
none, so I've put one in; maybe that will work.

! Missing # inserted in alignment preamble.
<to be read again> 
                   &
l.354 \end{DoxyParams}
                      
There should be exactly one # between &'s, when an
\halign or \valign is being set up. In this case you had
none, so I've put one in; maybe that will work.

! Missing # inserted in alignment preamble.
<to be read again> 
                   \cr 
l.354 \end{DoxyParams}
                      
There should be exactly one # between &'s, when an
\halign or \valign is being set up. In this case you had
none, so I've put one in; maybe that will work.

! Missing # inserted in alignment preamble.
<to be read again> 
                   &
l.354 \end{DoxyParams}
                      
There should be exactly one # between &'s, when an
\halign or \valign is being set up. In this case you had
none, so I've put one in; maybe that will work.

! Missing # inserted in alignment preamble.
<to be read again> 
                   \cr 
l.354 \end{DoxyParams}
                      
There should be exactly one # between &'s, when an
\halign or \valign is being set up. In this case you had
none, so I've put one in; maybe that will work.

! Missing # inserted in alignment preamble.
<to be read again> 
                   &
l.354 \end{DoxyParams}
                      
There should be exactly one # between &'s, when an
\halign or \valign is being set up. In this case you had
none, so I've put one in; maybe that will work.

! Missing # inserted in alignment preamble.
<to be read again> 
                   \cr 
l.354 \end{DoxyParams}
                      
There should be exactly one # between &'s, when an
\halign or \valign is being set up. In this case you had
none, so I've put one in; maybe that will work.

! Missing # inserted in alignment preamble.
<to be read again> 
                   &
l.354 \end{DoxyParams}
                      
There should be exactly one # between &'s, when an
\halign or \valign is being set up. In this case you had
none, so I've put one in; maybe that will work.

! Missing # inserted in alignment preamble.
<to be read again> 
                   \cr 
l.354 \end{DoxyParams}
                      
There should be exactly one # between &'s, when an
\halign or \valign is being set up. In this case you had
none, so I've put one in; maybe that will work.

! Missing # inserted in alignment preamble.
<to be read again> 
                   &
l.354 \end{DoxyParams}
                      
There should be exactly one # between &'s, when an
\halign or \valign is being set up. In this case you had
none, so I've put one in; maybe that will work.

! Missing # inserted in alignment preamble.
<to be read again> 
                   \cr 
l.354 \end{DoxyParams}
                      
There should be exactly one # between &'s, when an
\halign or \valign is being set up. In this case you had
none, so I've put one in; maybe that will work.

! Missing # inserted in alignment preamble.
<to be read again> 
                   &
l.354 \end{DoxyParams}
                      
There should be exactly one # between &'s, when an
\halign or \valign is being set up. In this case you had
none, so I've put one in; maybe that will work.

! Missing # inserted in alignment preamble.
<to be read again> 
                   \cr 
l.354 \end{DoxyParams}
                      
There should be exactly one # between &'s, when an
\halign or \valign is being set up. In this case you had
none, so I've put one in; maybe that will work.

! Missing # inserted in alignment preamble.
<to be read again> 
                   &
l.354 \end{DoxyParams}
                      
There should be exactly one # between &'s, when an
\halign or \valign is being set up. In this case you had
none, so I've put one in; maybe that will work.

! Missing # inserted in alignment preamble.
<to be read again> 
                   \cr 
l.354 \end{DoxyParams}
                      
There should be exactly one # between &'s, when an
\halign or \valign is being set up. In this case you had
none, so I've put one in; maybe that will work.



[43]

Package longtable Warning: Column widths have changed
(longtable)                in table 5.20 on input line 354.

 <./class_kinematic_abe03b372a5c961fd58f5fe5b66eacaea_icgraph.pdf>
<class_kinematic_abe03b372a5c961fd58f5fe5b66eacaea_icgraph.pdf, id=1446, 489.83
pt x 99.37125pt>
File: class_kinematic_abe03b372a5c961fd58f5fe5b66eacaea_icgraph.pdf Graphic fil
e (type pdf)
<use class_kinematic_abe03b372a5c961fd58f5fe5b66eacaea_icgraph.pdf>
Package pdftex.def Info: class_kinematic_abe03b372a5c961fd58f5fe5b66eacaea_icgr
aph.pdf  used on input line 359.
(pdftex.def)             Requested size: 350.0pt x 71.00592pt.


[44]

[45]) (./struct_matrix4x4.tex

[46]) (./struct_pos_data.tex <./struct_pos_data__coll__graph.pdf>
<struct_pos_data__coll__graph.pdf, id=1511, 212.795pt x 171.64125pt>
File: struct_pos_data__coll__graph.pdf Graphic file (type pdf)
<use struct_pos_data__coll__graph.pdf>
Package pdftex.def Info: struct_pos_data__coll__graph.pdf  used on input line 1
3.
(pdftex.def)             Requested size: 212.0pt x 171.00961pt.


[47]) (./struct_position.tex

[48]) (./class_position_factory.tex <./class_position_factory__coll__graph.pdf>
<class_position_factory__coll__graph.pdf, id=1575, 641.39626pt x 463.7325pt>
File: class_position_factory__coll__graph.pdf Graphic file (type pdf)
<use class_position_factory__coll__graph.pdf>
Package pdftex.def Info: class_position_factory__coll__graph.pdf  used on input
 line 13.
(pdftex.def)             Requested size: 350.0pt x 253.05823pt.


[49]

[50] <./class_position_factory_a04babbfb40f05b34033fecfe14220558_cgraph.pdf>
<class_position_factory_a04babbfb40f05b34033fecfe14220558_cgraph.pdf, id=1664, 
314.17375pt x 110.4125pt>
File: class_position_factory_a04babbfb40f05b34033fecfe14220558_cgraph.pdf Graph
ic file (type pdf)
<use class_position_factory_a04babbfb40f05b34033fecfe14220558_cgraph.pdf>
Package pdftex.def Info: class_position_factory_a04babbfb40f05b34033fecfe142205
58_cgraph.pdf  used on input line 96.
(pdftex.def)             Requested size: 313.0pt x 110.0045pt.
LaTeX Font Info:    Trying to load font information for TS1+pcr on input line 1
08.

(c:/texlive/2025/texmf-dist/tex/latex/psnfss/ts1pcr.fd
File: ts1pcr.fd 2001/06/04 font definitions for TS1/pcr.
)
! Undefined control sequence.
<argument> ...rtpbox {\@nextchar }\insert@pcolumn 
                                                  \@endpbox \do@row@strut \o...
l.117 \begin{DoxyParams}{Parameter}
                                   
The control sequence at the end of the top line
of your error message was never \def'ed. If you have
misspelled it (e.g., `\hobx'), type `I' and the correct
spelling (e.g., `I\hbox'). Otherwise just continue,
and I'll forget about whatever was undefined.

! Undefined control sequence.
<argument> ...rtpbox {\@nextchar }\insert@pcolumn 
                                                  \@endpbox \do@row@strut \o...
l.117 \begin{DoxyParams}{Parameter}
                                   
The control sequence at the end of the top line
of your error message was never \def'ed. If you have
misspelled it (e.g., `\hobx'), type `I' and the correct
spelling (e.g., `I\hbox'). Otherwise just continue,
and I'll forget about whatever was undefined.

! Missing # inserted in alignment preamble.
<to be read again> 
                   &
l.124 \end{DoxyParams}
                      
There should be exactly one # between &'s, when an
\halign or \valign is being set up. In this case you had
none, so I've put one in; maybe that will work.

! Missing # inserted in alignment preamble.
<to be read again> 
                   \cr 
l.124 \end{DoxyParams}
                      
There should be exactly one # between &'s, when an
\halign or \valign is being set up. In this case you had
none, so I've put one in; maybe that will work.

! Missing # inserted in alignment preamble.
<to be read again> 
                   &
l.124 \end{DoxyParams}
                      
There should be exactly one # between &'s, when an
\halign or \valign is being set up. In this case you had
none, so I've put one in; maybe that will work.

! Missing # inserted in alignment preamble.
<to be read again> 
                   \cr 
l.124 \end{DoxyParams}
                      
There should be exactly one # between &'s, when an
\halign or \valign is being set up. In this case you had
none, so I've put one in; maybe that will work.

! Missing # inserted in alignment preamble.
<to be read again> 
                   &
l.124 \end{DoxyParams}
                      
There should be exactly one # between &'s, when an
\halign or \valign is being set up. In this case you had
none, so I've put one in; maybe that will work.

! Missing # inserted in alignment preamble.
<to be read again> 
                   \cr 
l.124 \end{DoxyParams}
                      
There should be exactly one # between &'s, when an
\halign or \valign is being set up. In this case you had
none, so I've put one in; maybe that will work.

! Missing # inserted in alignment preamble.
<to be read again> 
                   &
l.124 \end{DoxyParams}
                      
There should be exactly one # between &'s, when an
\halign or \valign is being set up. In this case you had
none, so I've put one in; maybe that will work.

! Missing # inserted in alignment preamble.
<to be read again> 
                   \cr 
l.124 \end{DoxyParams}
                      
There should be exactly one # between &'s, when an
\halign or \valign is being set up. In this case you had
none, so I've put one in; maybe that will work.

! Missing # inserted in alignment preamble.
<to be read again> 
                   &
l.124 \end{DoxyParams}
                      
There should be exactly one # between &'s, when an
\halign or \valign is being set up. In this case you had
none, so I've put one in; maybe that will work.

! Missing # inserted in alignment preamble.
<to be read again> 
                   \cr 
l.124 \end{DoxyParams}
                      
There should be exactly one # between &'s, when an
\halign or \valign is being set up. In this case you had
none, so I've put one in; maybe that will work.

! Missing # inserted in alignment preamble.
<to be read again> 
                   &
l.124 \end{DoxyParams}
                      
There should be exactly one # between &'s, when an
\halign or \valign is being set up. In this case you had
none, so I've put one in; maybe that will work.

! Missing # inserted in alignment preamble.
<to be read again> 
                   \cr 
l.124 \end{DoxyParams}
                      
There should be exactly one # between &'s, when an
\halign or \valign is being set up. In this case you had
none, so I've put one in; maybe that will work.

! Missing # inserted in alignment preamble.
<to be read again> 
                   &
l.124 \end{DoxyParams}
                      
There should be exactly one # between &'s, when an
\halign or \valign is being set up. In this case you had
none, so I've put one in; maybe that will work.

! Missing # inserted in alignment preamble.
<to be read again> 
                   \cr 
l.124 \end{DoxyParams}
                      
There should be exactly one # between &'s, when an
\halign or \valign is being set up. In this case you had
none, so I've put one in; maybe that will work.

! Missing # inserted in alignment preamble.
<to be read again> 
                   &
l.124 \end{DoxyParams}
                      
There should be exactly one # between &'s, when an
\halign or \valign is being set up. In this case you had
none, so I've put one in; maybe that will work.

! Missing # inserted in alignment preamble.
<to be read again> 
                   \cr 
l.124 \end{DoxyParams}
                      
There should be exactly one # between &'s, when an
\halign or \valign is being set up. In this case you had
none, so I've put one in; maybe that will work.

! Missing # inserted in alignment preamble.
<to be read again> 
                   &
l.124 \end{DoxyParams}
                      
There should be exactly one # between &'s, when an
\halign or \valign is being set up. In this case you had
none, so I've put one in; maybe that will work.

! Missing # inserted in alignment preamble.
<to be read again> 
                   \cr 
l.124 \end{DoxyParams}
                      
There should be exactly one # between &'s, when an
\halign or \valign is being set up. In this case you had
none, so I've put one in; maybe that will work.


Package longtable Warning: Column widths have changed
(longtable)                in table 5.21 on input line 124.


Underfull \hbox (badness 10000) detected at line 125
[][][]
 []

 <./class_position_factory_a33ee29e54af9d81fa9ad6cab1e2a380d_cgraph.pdf>
<class_position_factory_a33ee29e54af9d81fa9ad6cab1e2a380d_cgraph.pdf, id=1675, 
602.25pt x 247.92625pt>
File: class_position_factory_a33ee29e54af9d81fa9ad6cab1e2a380d_cgraph.pdf Graph
ic file (type pdf)
<use class_position_factory_a33ee29e54af9d81fa9ad6cab1e2a380d_cgraph.pdf>
Package pdftex.def Info: class_position_factory_a33ee29e54af9d81fa9ad6cab1e2a38
0d_cgraph.pdf  used on input line 132.
(pdftex.def)             Requested size: 350.0pt x 144.08861pt.


[51]
! Undefined control sequence.
<argument> ...rtpbox {\@nextchar }\insert@pcolumn 
                                                  \@endpbox \do@row@strut \o...
l.156 \begin{DoxyParams}{Parameter}
                                   
The control sequence at the end of the top line
of your error message was never \def'ed. If you have
misspelled it (e.g., `\hobx'), type `I' and the correct
spelling (e.g., `I\hbox'). Otherwise just continue,
and I'll forget about whatever was undefined.

! Undefined control sequence.
<argument> ...rtpbox {\@nextchar }\insert@pcolumn 
                                                  \@endpbox \do@row@strut \o...
l.156 \begin{DoxyParams}{Parameter}
                                   
The control sequence at the end of the top line
of your error message was never \def'ed. If you have
misspelled it (e.g., `\hobx'), type `I' and the correct
spelling (e.g., `I\hbox'). Otherwise just continue,
and I'll forget about whatever was undefined.

! Missing # inserted in alignment preamble.
<to be read again> 
                   &
l.161 \end{DoxyParams}
                      
There should be exactly one # between &'s, when an
\halign or \valign is being set up. In this case you had
none, so I've put one in; maybe that will work.

! Missing # inserted in alignment preamble.
<to be read again> 
                   \cr 
l.161 \end{DoxyParams}
                      
There should be exactly one # between &'s, when an
\halign or \valign is being set up. In this case you had
none, so I've put one in; maybe that will work.

! Missing # inserted in alignment preamble.
<to be read again> 
                   &
l.161 \end{DoxyParams}
                      
There should be exactly one # between &'s, when an
\halign or \valign is being set up. In this case you had
none, so I've put one in; maybe that will work.

! Missing # inserted in alignment preamble.
<to be read again> 
                   \cr 
l.161 \end{DoxyParams}
                      
There should be exactly one # between &'s, when an
\halign or \valign is being set up. In this case you had
none, so I've put one in; maybe that will work.

! Missing # inserted in alignment preamble.
<to be read again> 
                   &
l.161 \end{DoxyParams}
                      
There should be exactly one # between &'s, when an
\halign or \valign is being set up. In this case you had
none, so I've put one in; maybe that will work.

! Missing # inserted in alignment preamble.
<to be read again> 
                   \cr 
l.161 \end{DoxyParams}
                      
There should be exactly one # between &'s, when an
\halign or \valign is being set up. In this case you had
none, so I've put one in; maybe that will work.

! Missing # inserted in alignment preamble.
<to be read again> 
                   &
l.161 \end{DoxyParams}
                      
There should be exactly one # between &'s, when an
\halign or \valign is being set up. In this case you had
none, so I've put one in; maybe that will work.

! Missing # inserted in alignment preamble.
<to be read again> 
                   \cr 
l.161 \end{DoxyParams}
                      
There should be exactly one # between &'s, when an
\halign or \valign is being set up. In this case you had
none, so I've put one in; maybe that will work.

! Missing # inserted in alignment preamble.
<to be read again> 
                   &
l.161 \end{DoxyParams}
                      
There should be exactly one # between &'s, when an
\halign or \valign is being set up. In this case you had
none, so I've put one in; maybe that will work.

! Missing # inserted in alignment preamble.
<to be read again> 
                   \cr 
l.161 \end{DoxyParams}
                      
There should be exactly one # between &'s, when an
\halign or \valign is being set up. In this case you had
none, so I've put one in; maybe that will work.

! Missing # inserted in alignment preamble.
<to be read again> 
                   &
l.161 \end{DoxyParams}
                      
There should be exactly one # between &'s, when an
\halign or \valign is being set up. In this case you had
none, so I've put one in; maybe that will work.

! Missing # inserted in alignment preamble.
<to be read again> 
                   \cr 
l.161 \end{DoxyParams}
                      
There should be exactly one # between &'s, when an
\halign or \valign is being set up. In this case you had
none, so I've put one in; maybe that will work.

! Missing # inserted in alignment preamble.
<to be read again> 
                   &
l.161 \end{DoxyParams}
                      
There should be exactly one # between &'s, when an
\halign or \valign is being set up. In this case you had
none, so I've put one in; maybe that will work.

! Missing # inserted in alignment preamble.
<to be read again> 
                   \cr 
l.161 \end{DoxyParams}
                      
There should be exactly one # between &'s, when an
\halign or \valign is being set up. In this case you had
none, so I've put one in; maybe that will work.

! Missing # inserted in alignment preamble.
<to be read again> 
                   &
l.161 \end{DoxyParams}
                      
There should be exactly one # between &'s, when an
\halign or \valign is being set up. In this case you had
none, so I've put one in; maybe that will work.

! Missing # inserted in alignment preamble.
<to be read again> 
                   \cr 
l.161 \end{DoxyParams}
                      
There should be exactly one # between &'s, when an
\halign or \valign is being set up. In this case you had
none, so I've put one in; maybe that will work.

! Missing # inserted in alignment preamble.
<to be read again> 
                   &
l.161 \end{DoxyParams}
                      
There should be exactly one # between &'s, when an
\halign or \valign is being set up. In this case you had
none, so I've put one in; maybe that will work.

! Missing # inserted in alignment preamble.
<to be read again> 
                   \cr 
l.161 \end{DoxyParams}
                      
There should be exactly one # between &'s, when an
\halign or \valign is being set up. In this case you had
none, so I've put one in; maybe that will work.


Package longtable Warning: Column widths have changed
(longtable)                in table 5.22 on input line 161.


Underfull \hbox (badness 10000) detected at line 162
[][][]
 []

! Undefined control sequence.
<argument> ...rtpbox {\@nextchar }\insert@pcolumn 
                                                  \@endpbox \do@row@strut \o...
l.178 \begin{DoxyParams}{Parameter}
                                   
The control sequence at the end of the top line
of your error message was never \def'ed. If you have
misspelled it (e.g., `\hobx'), type `I' and the correct
spelling (e.g., `I\hbox'). Otherwise just continue,
and I'll forget about whatever was undefined.

! Undefined control sequence.
<argument> ...rtpbox {\@nextchar }\insert@pcolumn 
                                                  \@endpbox \do@row@strut \o...
l.178 \begin{DoxyParams}{Parameter}
                                   
The control sequence at the end of the top line
of your error message was never \def'ed. If you have
misspelled it (e.g., `\hobx'), type `I' and the correct
spelling (e.g., `I\hbox'). Otherwise just continue,
and I'll forget about whatever was undefined.

! Missing # inserted in alignment preamble.
<to be read again> 
                   &
l.183 \end{DoxyParams}
                      
There should be exactly one # between &'s, when an
\halign or \valign is being set up. In this case you had
none, so I've put one in; maybe that will work.

! Missing # inserted in alignment preamble.
<to be read again> 
                   \cr 
l.183 \end{DoxyParams}
                      
There should be exactly one # between &'s, when an
\halign or \valign is being set up. In this case you had
none, so I've put one in; maybe that will work.

! Missing # inserted in alignment preamble.
<to be read again> 
                   &
l.183 \end{DoxyParams}
                      
There should be exactly one # between &'s, when an
\halign or \valign is being set up. In this case you had
none, so I've put one in; maybe that will work.

! Missing # inserted in alignment preamble.
<to be read again> 
                   \cr 
l.183 \end{DoxyParams}
                      
There should be exactly one # between &'s, when an
\halign or \valign is being set up. In this case you had
none, so I've put one in; maybe that will work.

! Missing # inserted in alignment preamble.
<to be read again> 
                   &
l.183 \end{DoxyParams}
                      
There should be exactly one # between &'s, when an
\halign or \valign is being set up. In this case you had
none, so I've put one in; maybe that will work.

! Missing # inserted in alignment preamble.
<to be read again> 
                   \cr 
l.183 \end{DoxyParams}
                      
There should be exactly one # between &'s, when an
\halign or \valign is being set up. In this case you had
none, so I've put one in; maybe that will work.

! Missing # inserted in alignment preamble.
<to be read again> 
                   &
l.183 \end{DoxyParams}
                      
There should be exactly one # between &'s, when an
\halign or \valign is being set up. In this case you had
none, so I've put one in; maybe that will work.

! Missing # inserted in alignment preamble.
<to be read again> 
                   \cr 
l.183 \end{DoxyParams}
                      
There should be exactly one # between &'s, when an
\halign or \valign is being set up. In this case you had
none, so I've put one in; maybe that will work.

! Missing # inserted in alignment preamble.
<to be read again> 
                   &
l.183 \end{DoxyParams}
                      
There should be exactly one # between &'s, when an
\halign or \valign is being set up. In this case you had
none, so I've put one in; maybe that will work.

! Missing # inserted in alignment preamble.
<to be read again> 
                   \cr 
l.183 \end{DoxyParams}
                      
There should be exactly one # between &'s, when an
\halign or \valign is being set up. In this case you had
none, so I've put one in; maybe that will work.

! Missing # inserted in alignment preamble.
<to be read again> 
                   &
l.183 \end{DoxyParams}
                      
There should be exactly one # between &'s, when an
\halign or \valign is being set up. In this case you had
none, so I've put one in; maybe that will work.

! Missing # inserted in alignment preamble.
<to be read again> 
                   \cr 
l.183 \end{DoxyParams}
                      
There should be exactly one # between &'s, when an
\halign or \valign is being set up. In this case you had
none, so I've put one in; maybe that will work.

! Missing # inserted in alignment preamble.
<to be read again> 
                   &
l.183 \end{DoxyParams}
                      
There should be exactly one # between &'s, when an
\halign or \valign is being set up. In this case you had
none, so I've put one in; maybe that will work.

! Missing # inserted in alignment preamble.
<to be read again> 
                   \cr 
l.183 \end{DoxyParams}
                      
There should be exactly one # between &'s, when an
\halign or \valign is being set up. In this case you had
none, so I've put one in; maybe that will work.

! Missing # inserted in alignment preamble.
<to be read again> 
                   &
l.183 \end{DoxyParams}
                      
There should be exactly one # between &'s, when an
\halign or \valign is being set up. In this case you had
none, so I've put one in; maybe that will work.

! Missing # inserted in alignment preamble.
<to be read again> 
                   \cr 
l.183 \end{DoxyParams}
                      
There should be exactly one # between &'s, when an
\halign or \valign is being set up. In this case you had
none, so I've put one in; maybe that will work.

! Missing # inserted in alignment preamble.
<to be read again> 
                   &
l.183 \end{DoxyParams}
                      
There should be exactly one # between &'s, when an
\halign or \valign is being set up. In this case you had
none, so I've put one in; maybe that will work.

! Missing # inserted in alignment preamble.
<to be read again> 
                   \cr 
l.183 \end{DoxyParams}
                      
There should be exactly one # between &'s, when an
\halign or \valign is being set up. In this case you had
none, so I've put one in; maybe that will work.



[52]

Package longtable Warning: Column widths have changed
(longtable)                in table 5.23 on input line 183.


Underfull \hbox (badness 10000) detected at line 184
[][][]
 []

 <./class_position_factory_a01c1842e953f689ed2f4c984868ddfe2_icgraph.pdf>
<class_position_factory_a01c1842e953f689ed2f4c984868ddfe2_icgraph.pdf, id=1715,
 578.16pt x 99.37125pt>
File: class_position_factory_a01c1842e953f689ed2f4c984868ddfe2_icgraph.pdf Grap
hic file (type pdf)
<use class_position_factory_a01c1842e953f689ed2f4c984868ddfe2_icgraph.pdf>
Package pdftex.def Info: class_position_factory_a01c1842e953f689ed2f4c984868ddf
e2_icgraph.pdf  used on input line 191.
(pdftex.def)             Requested size: 350.0pt x 60.15541pt.

! Undefined control sequence.
<argument> ...rtpbox {\@nextchar }\insert@pcolumn 
                                                  \@endpbox \do@row@strut \o...
l.207 \begin{DoxyParams}{Parameter}
                                   
The control sequence at the end of the top line
of your error message was never \def'ed. If you have
misspelled it (e.g., `\hobx'), type `I' and the correct
spelling (e.g., `I\hbox'). Otherwise just continue,
and I'll forget about whatever was undefined.

! Undefined control sequence.
<argument> ...rtpbox {\@nextchar }\insert@pcolumn 
                                                  \@endpbox \do@row@strut \o...
l.207 \begin{DoxyParams}{Parameter}
                                   
The control sequence at the end of the top line
of your error message was never \def'ed. If you have
misspelled it (e.g., `\hobx'), type `I' and the correct
spelling (e.g., `I\hbox'). Otherwise just continue,
and I'll forget about whatever was undefined.

! Missing # inserted in alignment preamble.
<to be read again> 
                   &
l.212 \end{DoxyParams}
                      
There should be exactly one # between &'s, when an
\halign or \valign is being set up. In this case you had
none, so I've put one in; maybe that will work.

! Missing # inserted in alignment preamble.
<to be read again> 
                   \cr 
l.212 \end{DoxyParams}
                      
There should be exactly one # between &'s, when an
\halign or \valign is being set up. In this case you had
none, so I've put one in; maybe that will work.

! Missing # inserted in alignment preamble.
<to be read again> 
                   &
l.212 \end{DoxyParams}
                      
There should be exactly one # between &'s, when an
\halign or \valign is being set up. In this case you had
none, so I've put one in; maybe that will work.

! Missing # inserted in alignment preamble.
<to be read again> 
                   \cr 
l.212 \end{DoxyParams}
                      
There should be exactly one # between &'s, when an
\halign or \valign is being set up. In this case you had
none, so I've put one in; maybe that will work.

! Missing # inserted in alignment preamble.
<to be read again> 
                   &
l.212 \end{DoxyParams}
                      
There should be exactly one # between &'s, when an
\halign or \valign is being set up. In this case you had
none, so I've put one in; maybe that will work.

! Missing # inserted in alignment preamble.
<to be read again> 
                   \cr 
l.212 \end{DoxyParams}
                      
There should be exactly one # between &'s, when an
\halign or \valign is being set up. In this case you had
none, so I've put one in; maybe that will work.

! Missing # inserted in alignment preamble.
<to be read again> 
                   &
l.212 \end{DoxyParams}
                      
There should be exactly one # between &'s, when an
\halign or \valign is being set up. In this case you had
none, so I've put one in; maybe that will work.

! Missing # inserted in alignment preamble.
<to be read again> 
                   \cr 
l.212 \end{DoxyParams}
                      
There should be exactly one # between &'s, when an
\halign or \valign is being set up. In this case you had
none, so I've put one in; maybe that will work.

! Missing # inserted in alignment preamble.
<to be read again> 
                   &
l.212 \end{DoxyParams}
                      
There should be exactly one # between &'s, when an
\halign or \valign is being set up. In this case you had
none, so I've put one in; maybe that will work.

! Missing # inserted in alignment preamble.
<to be read again> 
                   \cr 
l.212 \end{DoxyParams}
                      
There should be exactly one # between &'s, when an
\halign or \valign is being set up. In this case you had
none, so I've put one in; maybe that will work.

! Missing # inserted in alignment preamble.
<to be read again> 
                   &
l.212 \end{DoxyParams}
                      
There should be exactly one # between &'s, when an
\halign or \valign is being set up. In this case you had
none, so I've put one in; maybe that will work.

! Missing # inserted in alignment preamble.
<to be read again> 
                   \cr 
l.212 \end{DoxyParams}
                      
There should be exactly one # between &'s, when an
\halign or \valign is being set up. In this case you had
none, so I've put one in; maybe that will work.

! Missing # inserted in alignment preamble.
<to be read again> 
                   &
l.212 \end{DoxyParams}
                      
There should be exactly one # between &'s, when an
\halign or \valign is being set up. In this case you had
none, so I've put one in; maybe that will work.

! Missing # inserted in alignment preamble.
<to be read again> 
                   \cr 
l.212 \end{DoxyParams}
                      
There should be exactly one # between &'s, when an
\halign or \valign is being set up. In this case you had
none, so I've put one in; maybe that will work.

! Missing # inserted in alignment preamble.
<to be read again> 
                   &
l.212 \end{DoxyParams}
                      
There should be exactly one # between &'s, when an
\halign or \valign is being set up. In this case you had
none, so I've put one in; maybe that will work.

! Missing # inserted in alignment preamble.
<to be read again> 
                   \cr 
l.212 \end{DoxyParams}
                      
There should be exactly one # between &'s, when an
\halign or \valign is being set up. In this case you had
none, so I've put one in; maybe that will work.

! Missing # inserted in alignment preamble.
<to be read again> 
                   &
l.212 \end{DoxyParams}
                      
There should be exactly one # between &'s, when an
\halign or \valign is being set up. In this case you had
none, so I've put one in; maybe that will work.

! Missing # inserted in alignment preamble.
<to be read again> 
                   \cr 
l.212 \end{DoxyParams}
                      
There should be exactly one # between &'s, when an
\halign or \valign is being set up. In this case you had
none, so I've put one in; maybe that will work.


Package longtable Warning: Column widths have changed
(longtable)                in table 5.24 on input line 212.


Underfull \hbox (badness 10000) detected at line 213
[][][]
 []

 <./class_position_factory_a6f63c0030222d68a19bf5a16fe3af2cf_icgraph.pdf>
<class_position_factory_a6f63c0030222d68a19bf5a16fe3af2cf_icgraph.pdf, id=1725,
 577.15625pt x 99.37125pt>
File: class_position_factory_a6f63c0030222d68a19bf5a16fe3af2cf_icgraph.pdf Grap
hic file (type pdf)
<use class_position_factory_a6f63c0030222d68a19bf5a16fe3af2cf_icgraph.pdf>
Package pdftex.def Info: class_position_factory_a6f63c0030222d68a19bf5a16fe3af2
cf_icgraph.pdf  used on input line 220.
(pdftex.def)             Requested size: 350.0pt x 60.26308pt.
 <./class_position_factory_a32a2e62862a90d288896427fb63d9aaf_cgraph.pdf>
<class_position_factory_a32a2e62862a90d288896427fb63d9aaf_cgraph.pdf, id=1733, 
287.0725pt x 99.37125pt>
File: class_position_factory_a32a2e62862a90d288896427fb63d9aaf_cgraph.pdf Graph
ic file (type pdf)
<use class_position_factory_a32a2e62862a90d288896427fb63d9aaf_cgraph.pdf>
Package pdftex.def Info: class_position_factory_a32a2e62862a90d288896427fb63d9a
af_cgraph.pdf  used on input line 237.
(pdftex.def)             Requested size: 286.0pt x 99.00253pt.


[53] <./class_position_factory_ab504a3521ccf34cb6556f318ae13aaef_cgraph.pdf>
<class_position_factory_ab504a3521ccf34cb6556f318ae13aaef_cgraph.pdf, id=1751, 
289.08pt x 99.37125pt>
File: class_position_factory_ab504a3521ccf34cb6556f318ae13aaef_cgraph.pdf Graph
ic file (type pdf)
<use class_position_factory_ab504a3521ccf34cb6556f318ae13aaef_cgraph.pdf>
Package pdftex.def Info: class_position_factory_ab504a3521ccf34cb6556f318ae13aa
ef_cgraph.pdf  used on input line 254.
(pdftex.def)             Requested size: 288.0pt x 99.00557pt.

! Undefined control sequence.
<argument> ...rtpbox {\@nextchar }\insert@pcolumn 
                                                  \@endpbox \do@row@strut \o...
l.268 \begin{DoxyParams}{Parameter}
                                   
The control sequence at the end of the top line
of your error message was never \def'ed. If you have
misspelled it (e.g., `\hobx'), type `I' and the correct
spelling (e.g., `I\hbox'). Otherwise just continue,
and I'll forget about whatever was undefined.

! Undefined control sequence.
<argument> ...rtpbox {\@nextchar }\insert@pcolumn 
                                                  \@endpbox \do@row@strut \o...
l.268 \begin{DoxyParams}{Parameter}
                                   
The control sequence at the end of the top line
of your error message was never \def'ed. If you have
misspelled it (e.g., `\hobx'), type `I' and the correct
spelling (e.g., `I\hbox'). Otherwise just continue,
and I'll forget about whatever was undefined.

! Missing # inserted in alignment preamble.
<to be read again> 
                   &
l.271 \end{DoxyParams}
                      
There should be exactly one # between &'s, when an
\halign or \valign is being set up. In this case you had
none, so I've put one in; maybe that will work.

! Missing # inserted in alignment preamble.
<to be read again> 
                   \cr 
l.271 \end{DoxyParams}
                      
There should be exactly one # between &'s, when an
\halign or \valign is being set up. In this case you had
none, so I've put one in; maybe that will work.

! Missing # inserted in alignment preamble.
<to be read again> 
                   &
l.271 \end{DoxyParams}
                      
There should be exactly one # between &'s, when an
\halign or \valign is being set up. In this case you had
none, so I've put one in; maybe that will work.

! Missing # inserted in alignment preamble.
<to be read again> 
                   \cr 
l.271 \end{DoxyParams}
                      
There should be exactly one # between &'s, when an
\halign or \valign is being set up. In this case you had
none, so I've put one in; maybe that will work.

! Missing # inserted in alignment preamble.
<to be read again> 
                   &
l.271 \end{DoxyParams}
                      
There should be exactly one # between &'s, when an
\halign or \valign is being set up. In this case you had
none, so I've put one in; maybe that will work.

! Missing # inserted in alignment preamble.
<to be read again> 
                   \cr 
l.271 \end{DoxyParams}
                      
There should be exactly one # between &'s, when an
\halign or \valign is being set up. In this case you had
none, so I've put one in; maybe that will work.

! Missing # inserted in alignment preamble.
<to be read again> 
                   &
l.271 \end{DoxyParams}
                      
There should be exactly one # between &'s, when an
\halign or \valign is being set up. In this case you had
none, so I've put one in; maybe that will work.

! Missing # inserted in alignment preamble.
<to be read again> 
                   \cr 
l.271 \end{DoxyParams}
                      
There should be exactly one # between &'s, when an
\halign or \valign is being set up. In this case you had
none, so I've put one in; maybe that will work.

! Missing # inserted in alignment preamble.
<to be read again> 
                   &
l.271 \end{DoxyParams}
                      
There should be exactly one # between &'s, when an
\halign or \valign is being set up. In this case you had
none, so I've put one in; maybe that will work.

! Missing # inserted in alignment preamble.
<to be read again> 
                   \cr 
l.271 \end{DoxyParams}
                      
There should be exactly one # between &'s, when an
\halign or \valign is being set up. In this case you had
none, so I've put one in; maybe that will work.

! Missing # inserted in alignment preamble.
<to be read again> 
                   &
l.271 \end{DoxyParams}
                      
There should be exactly one # between &'s, when an
\halign or \valign is being set up. In this case you had
none, so I've put one in; maybe that will work.

! Missing # inserted in alignment preamble.
<to be read again> 
                   \cr 
l.271 \end{DoxyParams}
                      
There should be exactly one # between &'s, when an
\halign or \valign is being set up. In this case you had
none, so I've put one in; maybe that will work.

! Missing # inserted in alignment preamble.
<to be read again> 
                   &
l.271 \end{DoxyParams}
                      
There should be exactly one # between &'s, when an
\halign or \valign is being set up. In this case you had
none, so I've put one in; maybe that will work.

! Missing # inserted in alignment preamble.
<to be read again> 
                   \cr 
l.271 \end{DoxyParams}
                      
There should be exactly one # between &'s, when an
\halign or \valign is being set up. In this case you had
none, so I've put one in; maybe that will work.

! Missing # inserted in alignment preamble.
<to be read again> 
                   &
l.271 \end{DoxyParams}
                      
There should be exactly one # between &'s, when an
\halign or \valign is being set up. In this case you had
none, so I've put one in; maybe that will work.

! Missing # inserted in alignment preamble.
<to be read again> 
                   \cr 
l.271 \end{DoxyParams}
                      
There should be exactly one # between &'s, when an
\halign or \valign is being set up. In this case you had
none, so I've put one in; maybe that will work.

! Missing # inserted in alignment preamble.
<to be read again> 
                   &
l.271 \end{DoxyParams}
                      
There should be exactly one # between &'s, when an
\halign or \valign is being set up. In this case you had
none, so I've put one in; maybe that will work.

! Missing # inserted in alignment preamble.
<to be read again> 
                   \cr 
l.271 \end{DoxyParams}
                      
There should be exactly one # between &'s, when an
\halign or \valign is being set up. In this case you had
none, so I've put one in; maybe that will work.


Package longtable Warning: Column widths have changed
(longtable)                in table 5.25 on input line 271.


Underfull \hbox (badness 10000) detected at line 272
[][][]
 []



[54] <./class_position_factory_a14c9e06045694d07b9ba26427199708d_cgraph.pdf>
<class_position_factory_a14c9e06045694d07b9ba26427199708d_cgraph.pdf, id=1771, 
304.13625pt x 99.37125pt>
File: class_position_factory_a14c9e06045694d07b9ba26427199708d_cgraph.pdf Graph
ic file (type pdf)
<use class_position_factory_a14c9e06045694d07b9ba26427199708d_cgraph.pdf>
Package pdftex.def Info: class_position_factory_a14c9e06045694d07b9ba2642719970
8d_cgraph.pdf  used on input line 289.
(pdftex.def)             Requested size: 303.0pt x 99.00253pt.
 <./class_position_factory_a14c9e06045694d07b9ba26427199708d_icgraph.pdf>
<class_position_factory_a14c9e06045694d07b9ba26427199708d_icgraph.pdf, id=1779,
 355.3275pt x 99.37125pt>
File: class_position_factory_a14c9e06045694d07b9ba26427199708d_icgraph.pdf Grap
hic file (type pdf)
<use class_position_factory_a14c9e06045694d07b9ba26427199708d_icgraph.pdf>
Package pdftex.def Info: class_position_factory_a14c9e06045694d07b9ba2642719970
8d_icgraph.pdf  used on input line 296.
(pdftex.def)             Requested size: 350.0pt x 97.88504pt.

! Undefined control sequence.
<argument> ...rtpbox {\@nextchar }\insert@pcolumn 
                                                  \@endpbox \do@row@strut \o...
l.312 \begin{DoxyParams}{Parameter}
                                   
The control sequence at the end of the top line
of your error message was never \def'ed. If you have
misspelled it (e.g., `\hobx'), type `I' and the correct
spelling (e.g., `I\hbox'). Otherwise just continue,
and I'll forget about whatever was undefined.

! Undefined control sequence.
<argument> ...rtpbox {\@nextchar }\insert@pcolumn 
                                                  \@endpbox \do@row@strut \o...
l.312 \begin{DoxyParams}{Parameter}
                                   
The control sequence at the end of the top line
of your error message was never \def'ed. If you have
misspelled it (e.g., `\hobx'), type `I' and the correct
spelling (e.g., `I\hbox'). Otherwise just continue,
and I'll forget about whatever was undefined.

! Missing # inserted in alignment preamble.
<to be read again> 
                   &
l.315 \end{DoxyParams}
                      
There should be exactly one # between &'s, when an
\halign or \valign is being set up. In this case you had
none, so I've put one in; maybe that will work.

! Missing # inserted in alignment preamble.
<to be read again> 
                   \cr 
l.315 \end{DoxyParams}
                      
There should be exactly one # between &'s, when an
\halign or \valign is being set up. In this case you had
none, so I've put one in; maybe that will work.

! Missing # inserted in alignment preamble.
<to be read again> 
                   &
l.315 \end{DoxyParams}
                      
There should be exactly one # between &'s, when an
\halign or \valign is being set up. In this case you had
none, so I've put one in; maybe that will work.

! Missing # inserted in alignment preamble.
<to be read again> 
                   \cr 
l.315 \end{DoxyParams}
                      
There should be exactly one # between &'s, when an
\halign or \valign is being set up. In this case you had
none, so I've put one in; maybe that will work.

! Missing # inserted in alignment preamble.
<to be read again> 
                   &
l.315 \end{DoxyParams}
                      
There should be exactly one # between &'s, when an
\halign or \valign is being set up. In this case you had
none, so I've put one in; maybe that will work.

! Missing # inserted in alignment preamble.
<to be read again> 
                   \cr 
l.315 \end{DoxyParams}
                      
There should be exactly one # between &'s, when an
\halign or \valign is being set up. In this case you had
none, so I've put one in; maybe that will work.

! Missing # inserted in alignment preamble.
<to be read again> 
                   &
l.315 \end{DoxyParams}
                      
There should be exactly one # between &'s, when an
\halign or \valign is being set up. In this case you had
none, so I've put one in; maybe that will work.

! Missing # inserted in alignment preamble.
<to be read again> 
                   \cr 
l.315 \end{DoxyParams}
                      
There should be exactly one # between &'s, when an
\halign or \valign is being set up. In this case you had
none, so I've put one in; maybe that will work.

! Missing # inserted in alignment preamble.
<to be read again> 
                   &
l.315 \end{DoxyParams}
                      
There should be exactly one # between &'s, when an
\halign or \valign is being set up. In this case you had
none, so I've put one in; maybe that will work.

! Missing # inserted in alignment preamble.
<to be read again> 
                   \cr 
l.315 \end{DoxyParams}
                      
There should be exactly one # between &'s, when an
\halign or \valign is being set up. In this case you had
none, so I've put one in; maybe that will work.

! Missing # inserted in alignment preamble.
<to be read again> 
                   &
l.315 \end{DoxyParams}
                      
There should be exactly one # between &'s, when an
\halign or \valign is being set up. In this case you had
none, so I've put one in; maybe that will work.

! Missing # inserted in alignment preamble.
<to be read again> 
                   \cr 
l.315 \end{DoxyParams}
                      
There should be exactly one # between &'s, when an
\halign or \valign is being set up. In this case you had
none, so I've put one in; maybe that will work.

! Missing # inserted in alignment preamble.
<to be read again> 
                   &
l.315 \end{DoxyParams}
                      
There should be exactly one # between &'s, when an
\halign or \valign is being set up. In this case you had
none, so I've put one in; maybe that will work.

! Missing # inserted in alignment preamble.
<to be read again> 
                   \cr 
l.315 \end{DoxyParams}
                      
There should be exactly one # between &'s, when an
\halign or \valign is being set up. In this case you had
none, so I've put one in; maybe that will work.

! Missing # inserted in alignment preamble.
<to be read again> 
                   &
l.315 \end{DoxyParams}
                      
There should be exactly one # between &'s, when an
\halign or \valign is being set up. In this case you had
none, so I've put one in; maybe that will work.

! Missing # inserted in alignment preamble.
<to be read again> 
                   \cr 
l.315 \end{DoxyParams}
                      
There should be exactly one # between &'s, when an
\halign or \valign is being set up. In this case you had
none, so I've put one in; maybe that will work.

! Missing # inserted in alignment preamble.
<to be read again> 
                   &
l.315 \end{DoxyParams}
                      
There should be exactly one # between &'s, when an
\halign or \valign is being set up. In this case you had
none, so I've put one in; maybe that will work.

! Missing # inserted in alignment preamble.
<to be read again> 
                   \cr 
l.315 \end{DoxyParams}
                      
There should be exactly one # between &'s, when an
\halign or \valign is being set up. In this case you had
none, so I've put one in; maybe that will work.


Package longtable Warning: Column widths have changed
(longtable)                in table 5.26 on input line 315.

 <./class_position_factory_ab50bbb05f5685d520f99dc1588925764_cgraph.pdf>
<class_position_factory_ab50bbb05f5685d520f99dc1588925764_cgraph.pdf, id=1788, 
329.23pt x 99.37125pt>
File: class_position_factory_ab50bbb05f5685d520f99dc1588925764_cgraph.pdf Graph
ic file (type pdf)
<use class_position_factory_ab50bbb05f5685d520f99dc1588925764_cgraph.pdf>
Package pdftex.def Info: class_position_factory_ab50bbb05f5685d520f99dc15889257
64_cgraph.pdf  used on input line 320.
(pdftex.def)             Requested size: 328.0pt x 99.00253pt.


[55]
Underfull \hbox (badness 10000) detected at line 335
[][][]
 []


Underfull \hbox (badness 10000) detected at line 348
[][][]
 []

 <./class_position_factory_ab654a8e160d6616c2052d9627eca6826_cgraph.pdf>
<class_position_factory_ab654a8e160d6616c2052d9627eca6826_cgraph.pdf, id=1810, 
328.22626pt x 99.37125pt>
File: class_position_factory_ab654a8e160d6616c2052d9627eca6826_cgraph.pdf Graph
ic file (type pdf)
<use class_position_factory_ab654a8e160d6616c2052d9627eca6826_cgraph.pdf>
Package pdftex.def Info: class_position_factory_ab654a8e160d6616c2052d9627eca68
26_cgraph.pdf  used on input line 355.
(pdftex.def)             Requested size: 327.0pt x 99.00102pt.
 <./class_position_factory_ab654a8e160d6616c2052d9627eca6826_icgraph.pdf>
<class_position_factory_ab654a8e160d6616c2052d9627eca6826_icgraph.pdf, id=1818,
 406.51875pt x 99.37125pt>
File: class_position_factory_ab654a8e160d6616c2052d9627eca6826_icgraph.pdf Grap
hic file (type pdf)
<use class_position_factory_ab654a8e160d6616c2052d9627eca6826_icgraph.pdf>
Package pdftex.def Info: class_position_factory_ab654a8e160d6616c2052d9627eca68
26_icgraph.pdf  used on input line 362.
(pdftex.def)             Requested size: 350.0pt x 85.55919pt.
 <./class_position_factory_ab350bdbae8465ca901ef992a75619adf_cgraph.pdf>
<class_position_factory_ab350bdbae8465ca901ef992a75619adf_cgraph.pdf, id=1826, 
456.70625pt x 118.4425pt>
File: class_position_factory_ab350bdbae8465ca901ef992a75619adf_cgraph.pdf Graph
ic file (type pdf)
<use class_position_factory_ab350bdbae8465ca901ef992a75619adf_cgraph.pdf>
Package pdftex.def Info: class_position_factory_ab350bdbae8465ca901ef992a75619a
df_cgraph.pdf  used on input line 379.
(pdftex.def)             Requested size: 350.0pt x 90.77266pt.


[56]
! Undefined control sequence.
<argument> ...rtpbox {\@nextchar }\insert@pcolumn 
                                                  \@endpbox \do@row@strut \o...
l.393 \begin{DoxyParams}{Parameter}
                                   
The control sequence at the end of the top line
of your error message was never \def'ed. If you have
misspelled it (e.g., `\hobx'), type `I' and the correct
spelling (e.g., `I\hbox'). Otherwise just continue,
and I'll forget about whatever was undefined.

! Undefined control sequence.
<argument> ...rtpbox {\@nextchar }\insert@pcolumn 
                                                  \@endpbox \do@row@strut \o...
l.393 \begin{DoxyParams}{Parameter}
                                   
The control sequence at the end of the top line
of your error message was never \def'ed. If you have
misspelled it (e.g., `\hobx'), type `I' and the correct
spelling (e.g., `I\hbox'). Otherwise just continue,
and I'll forget about whatever was undefined.

! Missing # inserted in alignment preamble.
<to be read again> 
                   &
l.396 \end{DoxyParams}
                      
There should be exactly one # between &'s, when an
\halign or \valign is being set up. In this case you had
none, so I've put one in; maybe that will work.

! Missing # inserted in alignment preamble.
<to be read again> 
                   \cr 
l.396 \end{DoxyParams}
                      
There should be exactly one # between &'s, when an
\halign or \valign is being set up. In this case you had
none, so I've put one in; maybe that will work.

! Missing # inserted in alignment preamble.
<to be read again> 
                   &
l.396 \end{DoxyParams}
                      
There should be exactly one # between &'s, when an
\halign or \valign is being set up. In this case you had
none, so I've put one in; maybe that will work.

! Missing # inserted in alignment preamble.
<to be read again> 
                   \cr 
l.396 \end{DoxyParams}
                      
There should be exactly one # between &'s, when an
\halign or \valign is being set up. In this case you had
none, so I've put one in; maybe that will work.

! Missing # inserted in alignment preamble.
<to be read again> 
                   &
l.396 \end{DoxyParams}
                      
There should be exactly one # between &'s, when an
\halign or \valign is being set up. In this case you had
none, so I've put one in; maybe that will work.

! Missing # inserted in alignment preamble.
<to be read again> 
                   \cr 
l.396 \end{DoxyParams}
                      
There should be exactly one # between &'s, when an
\halign or \valign is being set up. In this case you had
none, so I've put one in; maybe that will work.

! Missing # inserted in alignment preamble.
<to be read again> 
                   &
l.396 \end{DoxyParams}
                      
There should be exactly one # between &'s, when an
\halign or \valign is being set up. In this case you had
none, so I've put one in; maybe that will work.

! Missing # inserted in alignment preamble.
<to be read again> 
                   \cr 
l.396 \end{DoxyParams}
                      
There should be exactly one # between &'s, when an
\halign or \valign is being set up. In this case you had
none, so I've put one in; maybe that will work.

! Missing # inserted in alignment preamble.
<to be read again> 
                   &
l.396 \end{DoxyParams}
                      
There should be exactly one # between &'s, when an
\halign or \valign is being set up. In this case you had
none, so I've put one in; maybe that will work.

! Missing # inserted in alignment preamble.
<to be read again> 
                   \cr 
l.396 \end{DoxyParams}
                      
There should be exactly one # between &'s, when an
\halign or \valign is being set up. In this case you had
none, so I've put one in; maybe that will work.

! Missing # inserted in alignment preamble.
<to be read again> 
                   &
l.396 \end{DoxyParams}
                      
There should be exactly one # between &'s, when an
\halign or \valign is being set up. In this case you had
none, so I've put one in; maybe that will work.

! Missing # inserted in alignment preamble.
<to be read again> 
                   \cr 
l.396 \end{DoxyParams}
                      
There should be exactly one # between &'s, when an
\halign or \valign is being set up. In this case you had
none, so I've put one in; maybe that will work.

! Missing # inserted in alignment preamble.
<to be read again> 
                   &
l.396 \end{DoxyParams}
                      
There should be exactly one # between &'s, when an
\halign or \valign is being set up. In this case you had
none, so I've put one in; maybe that will work.

! Missing # inserted in alignment preamble.
<to be read again> 
                   \cr 
l.396 \end{DoxyParams}
                      
There should be exactly one # between &'s, when an
\halign or \valign is being set up. In this case you had
none, so I've put one in; maybe that will work.

! Missing # inserted in alignment preamble.
<to be read again> 
                   &
l.396 \end{DoxyParams}
                      
There should be exactly one # between &'s, when an
\halign or \valign is being set up. In this case you had
none, so I've put one in; maybe that will work.

! Missing # inserted in alignment preamble.
<to be read again> 
                   \cr 
l.396 \end{DoxyParams}
                      
There should be exactly one # between &'s, when an
\halign or \valign is being set up. In this case you had
none, so I've put one in; maybe that will work.

! Missing # inserted in alignment preamble.
<to be read again> 
                   &
l.396 \end{DoxyParams}
                      
There should be exactly one # between &'s, when an
\halign or \valign is being set up. In this case you had
none, so I've put one in; maybe that will work.

! Missing # inserted in alignment preamble.
<to be read again> 
                   \cr 
l.396 \end{DoxyParams}
                      
There should be exactly one # between &'s, when an
\halign or \valign is being set up. In this case you had
none, so I've put one in; maybe that will work.


Package longtable Warning: Column widths have changed
(longtable)                in table 5.27 on input line 396.


Underfull \hbox (badness 10000) detected at line 397
[][][]
 []

 <./class_position_factory_adb62693a75e3612913944f580f924269_icgraph.pdf>
<class_position_factory_adb62693a75e3612913944f580f924269_icgraph.pdf, id=1849,
 561.09625pt x 99.37125pt>
File: class_position_factory_adb62693a75e3612913944f580f924269_icgraph.pdf Grap
hic file (type pdf)
<use class_position_factory_adb62693a75e3612913944f580f924269_icgraph.pdf>
Package pdftex.def Info: class_position_factory_adb62693a75e3612913944f580f9242
69_icgraph.pdf  used on input line 404.
(pdftex.def)             Requested size: 350.0pt x 61.98557pt.

! Undefined control sequence.
<argument> ...rtpbox {\@nextchar }\insert@pcolumn 
                                                  \@endpbox \do@row@strut \o...
l.420 \begin{DoxyParams}{Parameter}
                                   
The control sequence at the end of the top line
of your error message was never \def'ed. If you have
misspelled it (e.g., `\hobx'), type `I' and the correct
spelling (e.g., `I\hbox'). Otherwise just continue,
and I'll forget about whatever was undefined.

! Undefined control sequence.
<argument> ...rtpbox {\@nextchar }\insert@pcolumn 
                                                  \@endpbox \do@row@strut \o...
l.420 \begin{DoxyParams}{Parameter}
                                   
The control sequence at the end of the top line
of your error message was never \def'ed. If you have
misspelled it (e.g., `\hobx'), type `I' and the correct
spelling (e.g., `I\hbox'). Otherwise just continue,
and I'll forget about whatever was undefined.

! Missing # inserted in alignment preamble.
<to be read again> 
                   &
l.423 \end{DoxyParams}
                      
There should be exactly one # between &'s, when an
\halign or \valign is being set up. In this case you had
none, so I've put one in; maybe that will work.

! Missing # inserted in alignment preamble.
<to be read again> 
                   \cr 
l.423 \end{DoxyParams}
                      
There should be exactly one # between &'s, when an
\halign or \valign is being set up. In this case you had
none, so I've put one in; maybe that will work.

! Missing # inserted in alignment preamble.
<to be read again> 
                   &
l.423 \end{DoxyParams}
                      
There should be exactly one # between &'s, when an
\halign or \valign is being set up. In this case you had
none, so I've put one in; maybe that will work.

! Missing # inserted in alignment preamble.
<to be read again> 
                   \cr 
l.423 \end{DoxyParams}
                      
There should be exactly one # between &'s, when an
\halign or \valign is being set up. In this case you had
none, so I've put one in; maybe that will work.

! Missing # inserted in alignment preamble.
<to be read again> 
                   &
l.423 \end{DoxyParams}
                      
There should be exactly one # between &'s, when an
\halign or \valign is being set up. In this case you had
none, so I've put one in; maybe that will work.

! Missing # inserted in alignment preamble.
<to be read again> 
                   \cr 
l.423 \end{DoxyParams}
                      
There should be exactly one # between &'s, when an
\halign or \valign is being set up. In this case you had
none, so I've put one in; maybe that will work.

! Missing # inserted in alignment preamble.
<to be read again> 
                   &
l.423 \end{DoxyParams}
                      
There should be exactly one # between &'s, when an
\halign or \valign is being set up. In this case you had
none, so I've put one in; maybe that will work.

! Missing # inserted in alignment preamble.
<to be read again> 
                   \cr 
l.423 \end{DoxyParams}
                      
There should be exactly one # between &'s, when an
\halign or \valign is being set up. In this case you had
none, so I've put one in; maybe that will work.

! Missing # inserted in alignment preamble.
<to be read again> 
                   &
l.423 \end{DoxyParams}
                      
There should be exactly one # between &'s, when an
\halign or \valign is being set up. In this case you had
none, so I've put one in; maybe that will work.

! Missing # inserted in alignment preamble.
<to be read again> 
                   \cr 
l.423 \end{DoxyParams}
                      
There should be exactly one # between &'s, when an
\halign or \valign is being set up. In this case you had
none, so I've put one in; maybe that will work.

! Missing # inserted in alignment preamble.
<to be read again> 
                   &
l.423 \end{DoxyParams}
                      
There should be exactly one # between &'s, when an
\halign or \valign is being set up. In this case you had
none, so I've put one in; maybe that will work.

! Missing # inserted in alignment preamble.
<to be read again> 
                   \cr 
l.423 \end{DoxyParams}
                      
There should be exactly one # between &'s, when an
\halign or \valign is being set up. In this case you had
none, so I've put one in; maybe that will work.

! Missing # inserted in alignment preamble.
<to be read again> 
                   &
l.423 \end{DoxyParams}
                      
There should be exactly one # between &'s, when an
\halign or \valign is being set up. In this case you had
none, so I've put one in; maybe that will work.

! Missing # inserted in alignment preamble.
<to be read again> 
                   \cr 
l.423 \end{DoxyParams}
                      
There should be exactly one # between &'s, when an
\halign or \valign is being set up. In this case you had
none, so I've put one in; maybe that will work.

! Missing # inserted in alignment preamble.
<to be read again> 
                   &
l.423 \end{DoxyParams}
                      
There should be exactly one # between &'s, when an
\halign or \valign is being set up. In this case you had
none, so I've put one in; maybe that will work.

! Missing # inserted in alignment preamble.
<to be read again> 
                   \cr 
l.423 \end{DoxyParams}
                      
There should be exactly one # between &'s, when an
\halign or \valign is being set up. In this case you had
none, so I've put one in; maybe that will work.

! Missing # inserted in alignment preamble.
<to be read again> 
                   &
l.423 \end{DoxyParams}
                      
There should be exactly one # between &'s, when an
\halign or \valign is being set up. In this case you had
none, so I've put one in; maybe that will work.

! Missing # inserted in alignment preamble.
<to be read again> 
                   \cr 
l.423 \end{DoxyParams}
                      
There should be exactly one # between &'s, when an
\halign or \valign is being set up. In this case you had
none, so I've put one in; maybe that will work.



[57]

Package longtable Warning: Column widths have changed
(longtable)                in table 5.28 on input line 423.


Underfull \hbox (badness 10000) detected at line 424
[][][]
 []

 <./class_position_factory_abb3a019e903453ff914257cb965d8474_icgraph.pdf>
<class_position_factory_abb3a019e903453ff914257cb965d8474_icgraph.pdf, id=1871,
 559.08875pt x 99.37125pt>
File: class_position_factory_abb3a019e903453ff914257cb965d8474_icgraph.pdf Grap
hic file (type pdf)
<use class_position_factory_abb3a019e903453ff914257cb965d8474_icgraph.pdf>
Package pdftex.def Info: class_position_factory_abb3a019e903453ff914257cb965d84
74_icgraph.pdf  used on input line 431.
(pdftex.def)             Requested size: 350.0pt x 62.20998pt.

! Undefined control sequence.
<argument> ...rtpbox {\@nextchar }\insert@pcolumn 
                                                  \@endpbox \do@row@strut \o...
l.447 \begin{DoxyParams}{Parameter}
                                   
The control sequence at the end of the top line
of your error message was never \def'ed. If you have
misspelled it (e.g., `\hobx'), type `I' and the correct
spelling (e.g., `I\hbox'). Otherwise just continue,
and I'll forget about whatever was undefined.

! Undefined control sequence.
<argument> ...rtpbox {\@nextchar }\insert@pcolumn 
                                                  \@endpbox \do@row@strut \o...
l.447 \begin{DoxyParams}{Parameter}
                                   
The control sequence at the end of the top line
of your error message was never \def'ed. If you have
misspelled it (e.g., `\hobx'), type `I' and the correct
spelling (e.g., `I\hbox'). Otherwise just continue,
and I'll forget about whatever was undefined.

! Missing # inserted in alignment preamble.
<to be read again> 
                   &
l.452 \end{DoxyParams}
                      
There should be exactly one # between &'s, when an
\halign or \valign is being set up. In this case you had
none, so I've put one in; maybe that will work.

! Missing # inserted in alignment preamble.
<to be read again> 
                   \cr 
l.452 \end{DoxyParams}
                      
There should be exactly one # between &'s, when an
\halign or \valign is being set up. In this case you had
none, so I've put one in; maybe that will work.

! Missing # inserted in alignment preamble.
<to be read again> 
                   &
l.452 \end{DoxyParams}
                      
There should be exactly one # between &'s, when an
\halign or \valign is being set up. In this case you had
none, so I've put one in; maybe that will work.

! Missing # inserted in alignment preamble.
<to be read again> 
                   \cr 
l.452 \end{DoxyParams}
                      
There should be exactly one # between &'s, when an
\halign or \valign is being set up. In this case you had
none, so I've put one in; maybe that will work.

! Missing # inserted in alignment preamble.
<to be read again> 
                   &
l.452 \end{DoxyParams}
                      
There should be exactly one # between &'s, when an
\halign or \valign is being set up. In this case you had
none, so I've put one in; maybe that will work.

! Missing # inserted in alignment preamble.
<to be read again> 
                   \cr 
l.452 \end{DoxyParams}
                      
There should be exactly one # between &'s, when an
\halign or \valign is being set up. In this case you had
none, so I've put one in; maybe that will work.

! Missing # inserted in alignment preamble.
<to be read again> 
                   &
l.452 \end{DoxyParams}
                      
There should be exactly one # between &'s, when an
\halign or \valign is being set up. In this case you had
none, so I've put one in; maybe that will work.

! Missing # inserted in alignment preamble.
<to be read again> 
                   \cr 
l.452 \end{DoxyParams}
                      
There should be exactly one # between &'s, when an
\halign or \valign is being set up. In this case you had
none, so I've put one in; maybe that will work.

! Missing # inserted in alignment preamble.
<to be read again> 
                   &
l.452 \end{DoxyParams}
                      
There should be exactly one # between &'s, when an
\halign or \valign is being set up. In this case you had
none, so I've put one in; maybe that will work.

! Missing # inserted in alignment preamble.
<to be read again> 
                   \cr 
l.452 \end{DoxyParams}
                      
There should be exactly one # between &'s, when an
\halign or \valign is being set up. In this case you had
none, so I've put one in; maybe that will work.

! Missing # inserted in alignment preamble.
<to be read again> 
                   &
l.452 \end{DoxyParams}
                      
There should be exactly one # between &'s, when an
\halign or \valign is being set up. In this case you had
none, so I've put one in; maybe that will work.

! Missing # inserted in alignment preamble.
<to be read again> 
                   \cr 
l.452 \end{DoxyParams}
                      
There should be exactly one # between &'s, when an
\halign or \valign is being set up. In this case you had
none, so I've put one in; maybe that will work.

! Missing # inserted in alignment preamble.
<to be read again> 
                   &
l.452 \end{DoxyParams}
                      
There should be exactly one # between &'s, when an
\halign or \valign is being set up. In this case you had
none, so I've put one in; maybe that will work.

! Missing # inserted in alignment preamble.
<to be read again> 
                   \cr 
l.452 \end{DoxyParams}
                      
There should be exactly one # between &'s, when an
\halign or \valign is being set up. In this case you had
none, so I've put one in; maybe that will work.

! Missing # inserted in alignment preamble.
<to be read again> 
                   &
l.452 \end{DoxyParams}
                      
There should be exactly one # between &'s, when an
\halign or \valign is being set up. In this case you had
none, so I've put one in; maybe that will work.

! Missing # inserted in alignment preamble.
<to be read again> 
                   \cr 
l.452 \end{DoxyParams}
                      
There should be exactly one # between &'s, when an
\halign or \valign is being set up. In this case you had
none, so I've put one in; maybe that will work.

! Missing # inserted in alignment preamble.
<to be read again> 
                   &
l.452 \end{DoxyParams}
                      
There should be exactly one # between &'s, when an
\halign or \valign is being set up. In this case you had
none, so I've put one in; maybe that will work.

! Missing # inserted in alignment preamble.
<to be read again> 
                   \cr 
l.452 \end{DoxyParams}
                      
There should be exactly one # between &'s, when an
\halign or \valign is being set up. In this case you had
none, so I've put one in; maybe that will work.


Package longtable Warning: Column widths have changed
(longtable)                in table 5.29 on input line 452.


Underfull \hbox (badness 10000) detected at line 453
[][][]
 []

 <./class_position_factory_a627ca4782ea413ec821bedf1aaf116ac_cgraph.pdf>
<class_position_factory_a627ca4782ea413ec821bedf1aaf116ac_cgraph.pdf, id=1880, 
398.48875pt x 210.7875pt>
File: class_position_factory_a627ca4782ea413ec821bedf1aaf116ac_cgraph.pdf Graph
ic file (type pdf)
<use class_position_factory_a627ca4782ea413ec821bedf1aaf116ac_cgraph.pdf>
Package pdftex.def Info: class_position_factory_a627ca4782ea413ec821bedf1aaf116
ac_cgraph.pdf  used on input line 460.
(pdftex.def)             Requested size: 350.0pt x 185.14621pt.
 <./class_position_factory_a627ca4782ea413ec821bedf1aaf116ac_icgraph.pdf>
<class_position_factory_a627ca4782ea413ec821bedf1aaf116ac_icgraph.pdf, id=1888,
 382.42876pt x 99.37125pt>
File: class_position_factory_a627ca4782ea413ec821bedf1aaf116ac_icgraph.pdf Grap
hic file (type pdf)
<use class_position_factory_a627ca4782ea413ec821bedf1aaf116ac_icgraph.pdf>
Package pdftex.def Info: class_position_factory_a627ca4782ea413ec821bedf1aaf116
ac_icgraph.pdf  used on input line 467.
(pdftex.def)             Requested size: 350.0pt x 90.94957pt.


[58]) (./struct_posture.tex

[59]) (./class_rob_frame.tex <./class_rob_frame__coll__graph.pdf>
<class_rob_frame__coll__graph.pdf, id=1938, 859.21pt x 319.1925pt>
File: class_rob_frame__coll__graph.pdf Graphic file (type pdf)
<use class_rob_frame__coll__graph.pdf>
Package pdftex.def Info: class_rob_frame__coll__graph.pdf  used on input line 1
3.
(pdftex.def)             Requested size: 350.0pt x 130.0223pt.


[60]

[61]
! Undefined control sequence.
<argument> ...rtpbox {\@nextchar }\insert@pcolumn 
                                                  \@endpbox \do@row@strut \o...
l.105 \begin{DoxyParams}{Parameter}
                                   
The control sequence at the end of the top line
of your error message was never \def'ed. If you have
misspelled it (e.g., `\hobx'), type `I' and the correct
spelling (e.g., `I\hbox'). Otherwise just continue,
and I'll forget about whatever was undefined.

! Undefined control sequence.
<argument> ...rtpbox {\@nextchar }\insert@pcolumn 
                                                  \@endpbox \do@row@strut \o...
l.105 \begin{DoxyParams}{Parameter}
                                   
The control sequence at the end of the top line
of your error message was never \def'ed. If you have
misspelled it (e.g., `\hobx'), type `I' and the correct
spelling (e.g., `I\hbox'). Otherwise just continue,
and I'll forget about whatever was undefined.

! Missing # inserted in alignment preamble.
<to be read again> 
                   &
l.108 \end{DoxyParams}
                      
There should be exactly one # between &'s, when an
\halign or \valign is being set up. In this case you had
none, so I've put one in; maybe that will work.

! Missing # inserted in alignment preamble.
<to be read again> 
                   \cr 
l.108 \end{DoxyParams}
                      
There should be exactly one # between &'s, when an
\halign or \valign is being set up. In this case you had
none, so I've put one in; maybe that will work.

! Missing # inserted in alignment preamble.
<to be read again> 
                   &
l.108 \end{DoxyParams}
                      
There should be exactly one # between &'s, when an
\halign or \valign is being set up. In this case you had
none, so I've put one in; maybe that will work.

! Missing # inserted in alignment preamble.
<to be read again> 
                   \cr 
l.108 \end{DoxyParams}
                      
There should be exactly one # between &'s, when an
\halign or \valign is being set up. In this case you had
none, so I've put one in; maybe that will work.

! Missing # inserted in alignment preamble.
<to be read again> 
                   &
l.108 \end{DoxyParams}
                      
There should be exactly one # between &'s, when an
\halign or \valign is being set up. In this case you had
none, so I've put one in; maybe that will work.

! Missing # inserted in alignment preamble.
<to be read again> 
                   \cr 
l.108 \end{DoxyParams}
                      
There should be exactly one # between &'s, when an
\halign or \valign is being set up. In this case you had
none, so I've put one in; maybe that will work.

! Missing # inserted in alignment preamble.
<to be read again> 
                   &
l.108 \end{DoxyParams}
                      
There should be exactly one # between &'s, when an
\halign or \valign is being set up. In this case you had
none, so I've put one in; maybe that will work.

! Missing # inserted in alignment preamble.
<to be read again> 
                   \cr 
l.108 \end{DoxyParams}
                      
There should be exactly one # between &'s, when an
\halign or \valign is being set up. In this case you had
none, so I've put one in; maybe that will work.

! Missing # inserted in alignment preamble.
<to be read again> 
                   &
l.108 \end{DoxyParams}
                      
There should be exactly one # between &'s, when an
\halign or \valign is being set up. In this case you had
none, so I've put one in; maybe that will work.

! Missing # inserted in alignment preamble.
<to be read again> 
                   \cr 
l.108 \end{DoxyParams}
                      
There should be exactly one # between &'s, when an
\halign or \valign is being set up. In this case you had
none, so I've put one in; maybe that will work.

! Missing # inserted in alignment preamble.
<to be read again> 
                   &
l.108 \end{DoxyParams}
                      
There should be exactly one # between &'s, when an
\halign or \valign is being set up. In this case you had
none, so I've put one in; maybe that will work.

! Missing # inserted in alignment preamble.
<to be read again> 
                   \cr 
l.108 \end{DoxyParams}
                      
There should be exactly one # between &'s, when an
\halign or \valign is being set up. In this case you had
none, so I've put one in; maybe that will work.

! Missing # inserted in alignment preamble.
<to be read again> 
                   &
l.108 \end{DoxyParams}
                      
There should be exactly one # between &'s, when an
\halign or \valign is being set up. In this case you had
none, so I've put one in; maybe that will work.

! Missing # inserted in alignment preamble.
<to be read again> 
                   \cr 
l.108 \end{DoxyParams}
                      
There should be exactly one # between &'s, when an
\halign or \valign is being set up. In this case you had
none, so I've put one in; maybe that will work.

! Missing # inserted in alignment preamble.
<to be read again> 
                   &
l.108 \end{DoxyParams}
                      
There should be exactly one # between &'s, when an
\halign or \valign is being set up. In this case you had
none, so I've put one in; maybe that will work.

! Missing # inserted in alignment preamble.
<to be read again> 
                   \cr 
l.108 \end{DoxyParams}
                      
There should be exactly one # between &'s, when an
\halign or \valign is being set up. In this case you had
none, so I've put one in; maybe that will work.

! Missing # inserted in alignment preamble.
<to be read again> 
                   &
l.108 \end{DoxyParams}
                      
There should be exactly one # between &'s, when an
\halign or \valign is being set up. In this case you had
none, so I've put one in; maybe that will work.

! Missing # inserted in alignment preamble.
<to be read again> 
                   \cr 
l.108 \end{DoxyParams}
                      
There should be exactly one # between &'s, when an
\halign or \valign is being set up. In this case you had
none, so I've put one in; maybe that will work.


Package longtable Warning: Column widths have changed
(longtable)                in table 5.30 on input line 108.


Underfull \hbox (badness 10000) detected at line 109
[][][]
 []

 <./class_rob_frame_a0d79cee264204461c4445cf72c4481b7_cgraph.pdf>
<class_rob_frame_a0d79cee264204461c4445cf72c4481b7_cgraph.pdf, id=2040, 1120.18
5pt x 382.42876pt>
File: class_rob_frame_a0d79cee264204461c4445cf72c4481b7_cgraph.pdf Graphic file
 (type pdf)
<use class_rob_frame_a0d79cee264204461c4445cf72c4481b7_cgraph.pdf>
Package pdftex.def Info: class_rob_frame_a0d79cee264204461c4445cf72c4481b7_cgra
ph.pdf  used on input line 116.
(pdftex.def)             Requested size: 350.0pt x 119.49118pt.

! Undefined control sequence.
<argument> ...rtpbox {\@nextchar }\insert@pcolumn 
                                                  \@endpbox \do@row@strut \o...
l.130 \begin{DoxyParams}{Parameter}
                                   
The control sequence at the end of the top line
of your error message was never \def'ed. If you have
misspelled it (e.g., `\hobx'), type `I' and the correct
spelling (e.g., `I\hbox'). Otherwise just continue,
and I'll forget about whatever was undefined.

! Undefined control sequence.
<argument> ...rtpbox {\@nextchar }\insert@pcolumn 
                                                  \@endpbox \do@row@strut \o...
l.130 \begin{DoxyParams}{Parameter}
                                   
The control sequence at the end of the top line
of your error message was never \def'ed. If you have
misspelled it (e.g., `\hobx'), type `I' and the correct
spelling (e.g., `I\hbox'). Otherwise just continue,
and I'll forget about whatever was undefined.

! Missing # inserted in alignment preamble.
<to be read again> 
                   &
l.133 \end{DoxyParams}
                      
There should be exactly one # between &'s, when an
\halign or \valign is being set up. In this case you had
none, so I've put one in; maybe that will work.

! Missing # inserted in alignment preamble.
<to be read again> 
                   \cr 
l.133 \end{DoxyParams}
                      
There should be exactly one # between &'s, when an
\halign or \valign is being set up. In this case you had
none, so I've put one in; maybe that will work.

! Missing # inserted in alignment preamble.
<to be read again> 
                   &
l.133 \end{DoxyParams}
                      
There should be exactly one # between &'s, when an
\halign or \valign is being set up. In this case you had
none, so I've put one in; maybe that will work.

! Missing # inserted in alignment preamble.
<to be read again> 
                   \cr 
l.133 \end{DoxyParams}
                      
There should be exactly one # between &'s, when an
\halign or \valign is being set up. In this case you had
none, so I've put one in; maybe that will work.

! Missing # inserted in alignment preamble.
<to be read again> 
                   &
l.133 \end{DoxyParams}
                      
There should be exactly one # between &'s, when an
\halign or \valign is being set up. In this case you had
none, so I've put one in; maybe that will work.

! Missing # inserted in alignment preamble.
<to be read again> 
                   \cr 
l.133 \end{DoxyParams}
                      
There should be exactly one # between &'s, when an
\halign or \valign is being set up. In this case you had
none, so I've put one in; maybe that will work.

! Missing # inserted in alignment preamble.
<to be read again> 
                   &
l.133 \end{DoxyParams}
                      
There should be exactly one # between &'s, when an
\halign or \valign is being set up. In this case you had
none, so I've put one in; maybe that will work.

! Missing # inserted in alignment preamble.
<to be read again> 
                   \cr 
l.133 \end{DoxyParams}
                      
There should be exactly one # between &'s, when an
\halign or \valign is being set up. In this case you had
none, so I've put one in; maybe that will work.

! Missing # inserted in alignment preamble.
<to be read again> 
                   &
l.133 \end{DoxyParams}
                      
There should be exactly one # between &'s, when an
\halign or \valign is being set up. In this case you had
none, so I've put one in; maybe that will work.

! Missing # inserted in alignment preamble.
<to be read again> 
                   \cr 
l.133 \end{DoxyParams}
                      
There should be exactly one # between &'s, when an
\halign or \valign is being set up. In this case you had
none, so I've put one in; maybe that will work.

! Missing # inserted in alignment preamble.
<to be read again> 
                   &
l.133 \end{DoxyParams}
                      
There should be exactly one # between &'s, when an
\halign or \valign is being set up. In this case you had
none, so I've put one in; maybe that will work.

! Missing # inserted in alignment preamble.
<to be read again> 
                   \cr 
l.133 \end{DoxyParams}
                      
There should be exactly one # between &'s, when an
\halign or \valign is being set up. In this case you had
none, so I've put one in; maybe that will work.

! Missing # inserted in alignment preamble.
<to be read again> 
                   &
l.133 \end{DoxyParams}
                      
There should be exactly one # between &'s, when an
\halign or \valign is being set up. In this case you had
none, so I've put one in; maybe that will work.

! Missing # inserted in alignment preamble.
<to be read again> 
                   \cr 
l.133 \end{DoxyParams}
                      
There should be exactly one # between &'s, when an
\halign or \valign is being set up. In this case you had
none, so I've put one in; maybe that will work.

! Missing # inserted in alignment preamble.
<to be read again> 
                   &
l.133 \end{DoxyParams}
                      
There should be exactly one # between &'s, when an
\halign or \valign is being set up. In this case you had
none, so I've put one in; maybe that will work.

! Missing # inserted in alignment preamble.
<to be read again> 
                   \cr 
l.133 \end{DoxyParams}
                      
There should be exactly one # between &'s, when an
\halign or \valign is being set up. In this case you had
none, so I've put one in; maybe that will work.

! Missing # inserted in alignment preamble.
<to be read again> 
                   &
l.133 \end{DoxyParams}
                      
There should be exactly one # between &'s, when an
\halign or \valign is being set up. In this case you had
none, so I've put one in; maybe that will work.

! Missing # inserted in alignment preamble.
<to be read again> 
                   \cr 
l.133 \end{DoxyParams}
                      
There should be exactly one # between &'s, when an
\halign or \valign is being set up. In this case you had
none, so I've put one in; maybe that will work.



[62]

Package longtable Warning: Column widths have changed
(longtable)                in table 5.31 on input line 133.


Underfull \hbox (badness 10000) detected at line 134
[][][]
 []

 <./class_rob_frame_a40f13f5c1ce2baaaa77fc3eee9b98379_cgraph.pdf>
<class_rob_frame_a40f13f5c1ce2baaaa77fc3eee9b98379_cgraph.pdf, id=2071, 967.615
pt x 325.215pt>
File: class_rob_frame_a40f13f5c1ce2baaaa77fc3eee9b98379_cgraph.pdf Graphic file
 (type pdf)
<use class_rob_frame_a40f13f5c1ce2baaaa77fc3eee9b98379_cgraph.pdf>
Package pdftex.def Info: class_rob_frame_a40f13f5c1ce2baaaa77fc3eee9b98379_cgra
ph.pdf  used on input line 141.
(pdftex.def)             Requested size: 350.0pt x 117.63309pt.

! Undefined control sequence.
<argument> ...rtpbox {\@nextchar }\insert@pcolumn 
                                                  \@endpbox \do@row@strut \o...
l.155 \begin{DoxyParams}{Parameter}
                                   
The control sequence at the end of the top line
of your error message was never \def'ed. If you have
misspelled it (e.g., `\hobx'), type `I' and the correct
spelling (e.g., `I\hbox'). Otherwise just continue,
and I'll forget about whatever was undefined.

! Undefined control sequence.
<argument> ...rtpbox {\@nextchar }\insert@pcolumn 
                                                  \@endpbox \do@row@strut \o...
l.155 \begin{DoxyParams}{Parameter}
                                   
The control sequence at the end of the top line
of your error message was never \def'ed. If you have
misspelled it (e.g., `\hobx'), type `I' and the correct
spelling (e.g., `I\hbox'). Otherwise just continue,
and I'll forget about whatever was undefined.

! Missing # inserted in alignment preamble.
<to be read again> 
                   &
l.158 \end{DoxyParams}
                      
There should be exactly one # between &'s, when an
\halign or \valign is being set up. In this case you had
none, so I've put one in; maybe that will work.

! Missing # inserted in alignment preamble.
<to be read again> 
                   \cr 
l.158 \end{DoxyParams}
                      
There should be exactly one # between &'s, when an
\halign or \valign is being set up. In this case you had
none, so I've put one in; maybe that will work.

! Missing # inserted in alignment preamble.
<to be read again> 
                   &
l.158 \end{DoxyParams}
                      
There should be exactly one # between &'s, when an
\halign or \valign is being set up. In this case you had
none, so I've put one in; maybe that will work.

! Missing # inserted in alignment preamble.
<to be read again> 
                   \cr 
l.158 \end{DoxyParams}
                      
There should be exactly one # between &'s, when an
\halign or \valign is being set up. In this case you had
none, so I've put one in; maybe that will work.

! Missing # inserted in alignment preamble.
<to be read again> 
                   &
l.158 \end{DoxyParams}
                      
There should be exactly one # between &'s, when an
\halign or \valign is being set up. In this case you had
none, so I've put one in; maybe that will work.

! Missing # inserted in alignment preamble.
<to be read again> 
                   \cr 
l.158 \end{DoxyParams}
                      
There should be exactly one # between &'s, when an
\halign or \valign is being set up. In this case you had
none, so I've put one in; maybe that will work.

! Missing # inserted in alignment preamble.
<to be read again> 
                   &
l.158 \end{DoxyParams}
                      
There should be exactly one # between &'s, when an
\halign or \valign is being set up. In this case you had
none, so I've put one in; maybe that will work.

! Missing # inserted in alignment preamble.
<to be read again> 
                   \cr 
l.158 \end{DoxyParams}
                      
There should be exactly one # between &'s, when an
\halign or \valign is being set up. In this case you had
none, so I've put one in; maybe that will work.

! Missing # inserted in alignment preamble.
<to be read again> 
                   &
l.158 \end{DoxyParams}
                      
There should be exactly one # between &'s, when an
\halign or \valign is being set up. In this case you had
none, so I've put one in; maybe that will work.

! Missing # inserted in alignment preamble.
<to be read again> 
                   \cr 
l.158 \end{DoxyParams}
                      
There should be exactly one # between &'s, when an
\halign or \valign is being set up. In this case you had
none, so I've put one in; maybe that will work.

! Missing # inserted in alignment preamble.
<to be read again> 
                   &
l.158 \end{DoxyParams}
                      
There should be exactly one # between &'s, when an
\halign or \valign is being set up. In this case you had
none, so I've put one in; maybe that will work.

! Missing # inserted in alignment preamble.
<to be read again> 
                   \cr 
l.158 \end{DoxyParams}
                      
There should be exactly one # between &'s, when an
\halign or \valign is being set up. In this case you had
none, so I've put one in; maybe that will work.

! Missing # inserted in alignment preamble.
<to be read again> 
                   &
l.158 \end{DoxyParams}
                      
There should be exactly one # between &'s, when an
\halign or \valign is being set up. In this case you had
none, so I've put one in; maybe that will work.

! Missing # inserted in alignment preamble.
<to be read again> 
                   \cr 
l.158 \end{DoxyParams}
                      
There should be exactly one # between &'s, when an
\halign or \valign is being set up. In this case you had
none, so I've put one in; maybe that will work.

! Missing # inserted in alignment preamble.
<to be read again> 
                   &
l.158 \end{DoxyParams}
                      
There should be exactly one # between &'s, when an
\halign or \valign is being set up. In this case you had
none, so I've put one in; maybe that will work.

! Missing # inserted in alignment preamble.
<to be read again> 
                   \cr 
l.158 \end{DoxyParams}
                      
There should be exactly one # between &'s, when an
\halign or \valign is being set up. In this case you had
none, so I've put one in; maybe that will work.

! Missing # inserted in alignment preamble.
<to be read again> 
                   &
l.158 \end{DoxyParams}
                      
There should be exactly one # between &'s, when an
\halign or \valign is being set up. In this case you had
none, so I've put one in; maybe that will work.

! Missing # inserted in alignment preamble.
<to be read again> 
                   \cr 
l.158 \end{DoxyParams}
                      
There should be exactly one # between &'s, when an
\halign or \valign is being set up. In this case you had
none, so I've put one in; maybe that will work.


Package longtable Warning: Column widths have changed
(longtable)                in table 5.32 on input line 158.


Underfull \hbox (badness 10000) detected at line 159
[][][]
 []

 <./class_rob_frame_ae5ef3c45bc8b82d75e47f422addeb56f_cgraph.pdf>
<class_rob_frame_ae5ef3c45bc8b82d75e47f422addeb56f_cgraph.pdf, id=2081, 828.093
75pt x 289.08pt>
File: class_rob_frame_ae5ef3c45bc8b82d75e47f422addeb56f_cgraph.pdf Graphic file
 (type pdf)
<use class_rob_frame_ae5ef3c45bc8b82d75e47f422addeb56f_cgraph.pdf>
Package pdftex.def Info: class_rob_frame_ae5ef3c45bc8b82d75e47f422addeb56f_cgra
ph.pdf  used on input line 166.
(pdftex.def)             Requested size: 350.0pt x 122.1847pt.
 <./class_rob_frame_ae5ef3c45bc8b82d75e47f422addeb56f_icgraph.pdf>
<class_rob_frame_ae5ef3c45bc8b82d75e47f422addeb56f_icgraph.pdf, id=2090, 465.74
pt x 171.64125pt>
File: class_rob_frame_ae5ef3c45bc8b82d75e47f422addeb56f_icgraph.pdf Graphic fil
e (type pdf)
<use class_rob_frame_ae5ef3c45bc8b82d75e47f422addeb56f_icgraph.pdf>
Package pdftex.def Info: class_rob_frame_ae5ef3c45bc8b82d75e47f422addeb56f_icgr
aph.pdf  used on input line 173.
(pdftex.def)             Requested size: 350.0pt x 128.99251pt.


[63]
! Undefined control sequence.
<argument> ...rtpbox {\@nextchar }\insert@pcolumn 
                                                  \@endpbox \do@row@strut \o...
l.189 \begin{DoxyParams}{Parameter}
                                   
The control sequence at the end of the top line
of your error message was never \def'ed. If you have
misspelled it (e.g., `\hobx'), type `I' and the correct
spelling (e.g., `I\hbox'). Otherwise just continue,
and I'll forget about whatever was undefined.

! Undefined control sequence.
<argument> ...rtpbox {\@nextchar }\insert@pcolumn 
                                                  \@endpbox \do@row@strut \o...
l.189 \begin{DoxyParams}{Parameter}
                                   
The control sequence at the end of the top line
of your error message was never \def'ed. If you have
misspelled it (e.g., `\hobx'), type `I' and the correct
spelling (e.g., `I\hbox'). Otherwise just continue,
and I'll forget about whatever was undefined.

! Missing # inserted in alignment preamble.
<to be read again> 
                   &
l.194 \end{DoxyParams}
                      
There should be exactly one # between &'s, when an
\halign or \valign is being set up. In this case you had
none, so I've put one in; maybe that will work.

! Missing # inserted in alignment preamble.
<to be read again> 
                   \cr 
l.194 \end{DoxyParams}
                      
There should be exactly one # between &'s, when an
\halign or \valign is being set up. In this case you had
none, so I've put one in; maybe that will work.

! Missing # inserted in alignment preamble.
<to be read again> 
                   &
l.194 \end{DoxyParams}
                      
There should be exactly one # between &'s, when an
\halign or \valign is being set up. In this case you had
none, so I've put one in; maybe that will work.

! Missing # inserted in alignment preamble.
<to be read again> 
                   \cr 
l.194 \end{DoxyParams}
                      
There should be exactly one # between &'s, when an
\halign or \valign is being set up. In this case you had
none, so I've put one in; maybe that will work.

! Missing # inserted in alignment preamble.
<to be read again> 
                   &
l.194 \end{DoxyParams}
                      
There should be exactly one # between &'s, when an
\halign or \valign is being set up. In this case you had
none, so I've put one in; maybe that will work.

! Missing # inserted in alignment preamble.
<to be read again> 
                   \cr 
l.194 \end{DoxyParams}
                      
There should be exactly one # between &'s, when an
\halign or \valign is being set up. In this case you had
none, so I've put one in; maybe that will work.

! Missing # inserted in alignment preamble.
<to be read again> 
                   &
l.194 \end{DoxyParams}
                      
There should be exactly one # between &'s, when an
\halign or \valign is being set up. In this case you had
none, so I've put one in; maybe that will work.

! Missing # inserted in alignment preamble.
<to be read again> 
                   \cr 
l.194 \end{DoxyParams}
                      
There should be exactly one # between &'s, when an
\halign or \valign is being set up. In this case you had
none, so I've put one in; maybe that will work.

! Missing # inserted in alignment preamble.
<to be read again> 
                   &
l.194 \end{DoxyParams}
                      
There should be exactly one # between &'s, when an
\halign or \valign is being set up. In this case you had
none, so I've put one in; maybe that will work.

! Missing # inserted in alignment preamble.
<to be read again> 
                   \cr 
l.194 \end{DoxyParams}
                      
There should be exactly one # between &'s, when an
\halign or \valign is being set up. In this case you had
none, so I've put one in; maybe that will work.

! Missing # inserted in alignment preamble.
<to be read again> 
                   &
l.194 \end{DoxyParams}
                      
There should be exactly one # between &'s, when an
\halign or \valign is being set up. In this case you had
none, so I've put one in; maybe that will work.

! Missing # inserted in alignment preamble.
<to be read again> 
                   \cr 
l.194 \end{DoxyParams}
                      
There should be exactly one # between &'s, when an
\halign or \valign is being set up. In this case you had
none, so I've put one in; maybe that will work.

! Missing # inserted in alignment preamble.
<to be read again> 
                   &
l.194 \end{DoxyParams}
                      
There should be exactly one # between &'s, when an
\halign or \valign is being set up. In this case you had
none, so I've put one in; maybe that will work.

! Missing # inserted in alignment preamble.
<to be read again> 
                   \cr 
l.194 \end{DoxyParams}
                      
There should be exactly one # between &'s, when an
\halign or \valign is being set up. In this case you had
none, so I've put one in; maybe that will work.

! Missing # inserted in alignment preamble.
<to be read again> 
                   &
l.194 \end{DoxyParams}
                      
There should be exactly one # between &'s, when an
\halign or \valign is being set up. In this case you had
none, so I've put one in; maybe that will work.

! Missing # inserted in alignment preamble.
<to be read again> 
                   \cr 
l.194 \end{DoxyParams}
                      
There should be exactly one # between &'s, when an
\halign or \valign is being set up. In this case you had
none, so I've put one in; maybe that will work.

! Missing # inserted in alignment preamble.
<to be read again> 
                   &
l.194 \end{DoxyParams}
                      
There should be exactly one # between &'s, when an
\halign or \valign is being set up. In this case you had
none, so I've put one in; maybe that will work.

! Missing # inserted in alignment preamble.
<to be read again> 
                   \cr 
l.194 \end{DoxyParams}
                      
There should be exactly one # between &'s, when an
\halign or \valign is being set up. In this case you had
none, so I've put one in; maybe that will work.


Package longtable Warning: Column widths have changed
(longtable)                in table 5.33 on input line 194.


Underfull \hbox (badness 10000) detected at line 195
[][][]
 []

 <./class_rob_frame_a92a99cf7219b60ab8d2c349fd2eef6a8_cgraph.pdf>
<class_rob_frame_a92a99cf7219b60ab8d2c349fd2eef6a8_cgraph.pdf, id=2108, 832.108
75pt x 289.08pt>
File: class_rob_frame_a92a99cf7219b60ab8d2c349fd2eef6a8_cgraph.pdf Graphic file
 (type pdf)
<use class_rob_frame_a92a99cf7219b60ab8d2c349fd2eef6a8_cgraph.pdf>
Package pdftex.def Info: class_rob_frame_a92a99cf7219b60ab8d2c349fd2eef6a8_cgra
ph.pdf  used on input line 202.
(pdftex.def)             Requested size: 350.0pt x 121.59361pt.
 <./class_rob_frame_a92a99cf7219b60ab8d2c349fd2eef6a8_icgraph.pdf>
<class_rob_frame_a92a99cf7219b60ab8d2c349fd2eef6a8_icgraph.pdf, id=2116, 324.21
124pt x 99.37125pt>
File: class_rob_frame_a92a99cf7219b60ab8d2c349fd2eef6a8_icgraph.pdf Graphic fil
e (type pdf)
<use class_rob_frame_a92a99cf7219b60ab8d2c349fd2eef6a8_icgraph.pdf>
Package pdftex.def Info: class_rob_frame_a92a99cf7219b60ab8d2c349fd2eef6a8_icgr
aph.pdf  used on input line 209.
(pdftex.def)             Requested size: 323.0pt x 99.00557pt.


[64]
! Undefined control sequence.
<argument> ...rtpbox {\@nextchar }\insert@pcolumn 
                                                  \@endpbox \do@row@strut \o...
l.223 \begin{DoxyParams}{Parameter}
                                   
The control sequence at the end of the top line
of your error message was never \def'ed. If you have
misspelled it (e.g., `\hobx'), type `I' and the correct
spelling (e.g., `I\hbox'). Otherwise just continue,
and I'll forget about whatever was undefined.

! Undefined control sequence.
<argument> ...rtpbox {\@nextchar }\insert@pcolumn 
                                                  \@endpbox \do@row@strut \o...
l.223 \begin{DoxyParams}{Parameter}
                                   
The control sequence at the end of the top line
of your error message was never \def'ed. If you have
misspelled it (e.g., `\hobx'), type `I' and the correct
spelling (e.g., `I\hbox'). Otherwise just continue,
and I'll forget about whatever was undefined.

! Missing # inserted in alignment preamble.
<to be read again> 
                   &
l.232 \end{DoxyParams}
                      
There should be exactly one # between &'s, when an
\halign or \valign is being set up. In this case you had
none, so I've put one in; maybe that will work.

! Missing # inserted in alignment preamble.
<to be read again> 
                   \cr 
l.232 \end{DoxyParams}
                      
There should be exactly one # between &'s, when an
\halign or \valign is being set up. In this case you had
none, so I've put one in; maybe that will work.

! Missing # inserted in alignment preamble.
<to be read again> 
                   &
l.232 \end{DoxyParams}
                      
There should be exactly one # between &'s, when an
\halign or \valign is being set up. In this case you had
none, so I've put one in; maybe that will work.

! Missing # inserted in alignment preamble.
<to be read again> 
                   \cr 
l.232 \end{DoxyParams}
                      
There should be exactly one # between &'s, when an
\halign or \valign is being set up. In this case you had
none, so I've put one in; maybe that will work.

! Missing # inserted in alignment preamble.
<to be read again> 
                   &
l.232 \end{DoxyParams}
                      
There should be exactly one # between &'s, when an
\halign or \valign is being set up. In this case you had
none, so I've put one in; maybe that will work.

! Missing # inserted in alignment preamble.
<to be read again> 
                   \cr 
l.232 \end{DoxyParams}
                      
There should be exactly one # between &'s, when an
\halign or \valign is being set up. In this case you had
none, so I've put one in; maybe that will work.

! Missing # inserted in alignment preamble.
<to be read again> 
                   &
l.232 \end{DoxyParams}
                      
There should be exactly one # between &'s, when an
\halign or \valign is being set up. In this case you had
none, so I've put one in; maybe that will work.

! Missing # inserted in alignment preamble.
<to be read again> 
                   \cr 
l.232 \end{DoxyParams}
                      
There should be exactly one # between &'s, when an
\halign or \valign is being set up. In this case you had
none, so I've put one in; maybe that will work.

! Missing # inserted in alignment preamble.
<to be read again> 
                   &
l.232 \end{DoxyParams}
                      
There should be exactly one # between &'s, when an
\halign or \valign is being set up. In this case you had
none, so I've put one in; maybe that will work.

! Missing # inserted in alignment preamble.
<to be read again> 
                   \cr 
l.232 \end{DoxyParams}
                      
There should be exactly one # between &'s, when an
\halign or \valign is being set up. In this case you had
none, so I've put one in; maybe that will work.

! Missing # inserted in alignment preamble.
<to be read again> 
                   &
l.232 \end{DoxyParams}
                      
There should be exactly one # between &'s, when an
\halign or \valign is being set up. In this case you had
none, so I've put one in; maybe that will work.

! Missing # inserted in alignment preamble.
<to be read again> 
                   \cr 
l.232 \end{DoxyParams}
                      
There should be exactly one # between &'s, when an
\halign or \valign is being set up. In this case you had
none, so I've put one in; maybe that will work.

! Missing # inserted in alignment preamble.
<to be read again> 
                   &
l.232 \end{DoxyParams}
                      
There should be exactly one # between &'s, when an
\halign or \valign is being set up. In this case you had
none, so I've put one in; maybe that will work.

! Missing # inserted in alignment preamble.
<to be read again> 
                   \cr 
l.232 \end{DoxyParams}
                      
There should be exactly one # between &'s, when an
\halign or \valign is being set up. In this case you had
none, so I've put one in; maybe that will work.

! Missing # inserted in alignment preamble.
<to be read again> 
                   &
l.232 \end{DoxyParams}
                      
There should be exactly one # between &'s, when an
\halign or \valign is being set up. In this case you had
none, so I've put one in; maybe that will work.

! Missing # inserted in alignment preamble.
<to be read again> 
                   \cr 
l.232 \end{DoxyParams}
                      
There should be exactly one # between &'s, when an
\halign or \valign is being set up. In this case you had
none, so I've put one in; maybe that will work.

! Missing # inserted in alignment preamble.
<to be read again> 
                   &
l.232 \end{DoxyParams}
                      
There should be exactly one # between &'s, when an
\halign or \valign is being set up. In this case you had
none, so I've put one in; maybe that will work.

! Missing # inserted in alignment preamble.
<to be read again> 
                   \cr 
l.232 \end{DoxyParams}
                      
There should be exactly one # between &'s, when an
\halign or \valign is being set up. In this case you had
none, so I've put one in; maybe that will work.


Package longtable Warning: Column widths have changed
(longtable)                in table 5.34 on input line 232.


Underfull \hbox (badness 10000) detected at line 233
[][][]
 []

 <./class_rob_frame_aa358b505e48c8ea8efa6f069dab67520_cgraph.pdf>
<class_rob_frame_aa358b505e48c8ea8efa6f069dab67520_cgraph.pdf, id=2135, 702.625
pt x 288.07625pt>
File: class_rob_frame_aa358b505e48c8ea8efa6f069dab67520_cgraph.pdf Graphic file
 (type pdf)
<use class_rob_frame_aa358b505e48c8ea8efa6f069dab67520_cgraph.pdf>
Package pdftex.def Info: class_rob_frame_aa358b505e48c8ea8efa6f069dab67520_cgra
ph.pdf  used on input line 240.
(pdftex.def)             Requested size: 350.0pt x 143.50587pt.
 <./class_rob_frame_aa358b505e48c8ea8efa6f069dab67520_icgraph.pdf>
<class_rob_frame_aa358b505e48c8ea8efa6f069dab67520_icgraph.pdf, id=2143, 612.28
75pt x 171.64125pt>
File: class_rob_frame_aa358b505e48c8ea8efa6f069dab67520_icgraph.pdf Graphic fil
e (type pdf)
<use class_rob_frame_aa358b505e48c8ea8efa6f069dab67520_icgraph.pdf>
Package pdftex.def Info: class_rob_frame_aa358b505e48c8ea8efa6f069dab67520_icgr
aph.pdf  used on input line 247.
(pdftex.def)             Requested size: 350.0pt x 98.11412pt.
 <./class_rob_frame_a6e0cd7ffcb6222818a7fed8d7033f6af_icgraph.pdf>
<class_rob_frame_a6e0cd7ffcb6222818a7fed8d7033f6af_icgraph.pdf, id=2154, 489.83
pt x 136.51pt>
File: class_rob_frame_a6e0cd7ffcb6222818a7fed8d7033f6af_icgraph.pdf Graphic fil
e (type pdf)
<use class_rob_frame_a6e0cd7ffcb6222818a7fed8d7033f6af_icgraph.pdf>
Package pdftex.def Info: class_rob_frame_a6e0cd7ffcb6222818a7fed8d7033f6af_icgr
aph.pdf  used on input line 264.
(pdftex.def)             Requested size: 350.0pt x 97.54349pt.


[65]
! Undefined control sequence.
<argument> ...rtpbox {\@nextchar }\insert@pcolumn 
                                                  \@endpbox \do@row@strut \o...
l.278 \begin{DoxyParams}{Parameter}
                                   
The control sequence at the end of the top line
of your error message was never \def'ed. If you have
misspelled it (e.g., `\hobx'), type `I' and the correct
spelling (e.g., `I\hbox'). Otherwise just continue,
and I'll forget about whatever was undefined.

! Undefined control sequence.
<argument> ...rtpbox {\@nextchar }\insert@pcolumn 
                                                  \@endpbox \do@row@strut \o...
l.278 \begin{DoxyParams}{Parameter}
                                   
The control sequence at the end of the top line
of your error message was never \def'ed. If you have
misspelled it (e.g., `\hobx'), type `I' and the correct
spelling (e.g., `I\hbox'). Otherwise just continue,
and I'll forget about whatever was undefined.

! Missing # inserted in alignment preamble.
<to be read again> 
                   &
l.281 \end{DoxyParams}
                      
There should be exactly one # between &'s, when an
\halign or \valign is being set up. In this case you had
none, so I've put one in; maybe that will work.

! Missing # inserted in alignment preamble.
<to be read again> 
                   \cr 
l.281 \end{DoxyParams}
                      
There should be exactly one # between &'s, when an
\halign or \valign is being set up. In this case you had
none, so I've put one in; maybe that will work.

! Missing # inserted in alignment preamble.
<to be read again> 
                   &
l.281 \end{DoxyParams}
                      
There should be exactly one # between &'s, when an
\halign or \valign is being set up. In this case you had
none, so I've put one in; maybe that will work.

! Missing # inserted in alignment preamble.
<to be read again> 
                   \cr 
l.281 \end{DoxyParams}
                      
There should be exactly one # between &'s, when an
\halign or \valign is being set up. In this case you had
none, so I've put one in; maybe that will work.

! Missing # inserted in alignment preamble.
<to be read again> 
                   &
l.281 \end{DoxyParams}
                      
There should be exactly one # between &'s, when an
\halign or \valign is being set up. In this case you had
none, so I've put one in; maybe that will work.

! Missing # inserted in alignment preamble.
<to be read again> 
                   \cr 
l.281 \end{DoxyParams}
                      
There should be exactly one # between &'s, when an
\halign or \valign is being set up. In this case you had
none, so I've put one in; maybe that will work.

! Missing # inserted in alignment preamble.
<to be read again> 
                   &
l.281 \end{DoxyParams}
                      
There should be exactly one # between &'s, when an
\halign or \valign is being set up. In this case you had
none, so I've put one in; maybe that will work.

! Missing # inserted in alignment preamble.
<to be read again> 
                   \cr 
l.281 \end{DoxyParams}
                      
There should be exactly one # between &'s, when an
\halign or \valign is being set up. In this case you had
none, so I've put one in; maybe that will work.

! Missing # inserted in alignment preamble.
<to be read again> 
                   &
l.281 \end{DoxyParams}
                      
There should be exactly one # between &'s, when an
\halign or \valign is being set up. In this case you had
none, so I've put one in; maybe that will work.

! Missing # inserted in alignment preamble.
<to be read again> 
                   \cr 
l.281 \end{DoxyParams}
                      
There should be exactly one # between &'s, when an
\halign or \valign is being set up. In this case you had
none, so I've put one in; maybe that will work.

! Missing # inserted in alignment preamble.
<to be read again> 
                   &
l.281 \end{DoxyParams}
                      
There should be exactly one # between &'s, when an
\halign or \valign is being set up. In this case you had
none, so I've put one in; maybe that will work.

! Missing # inserted in alignment preamble.
<to be read again> 
                   \cr 
l.281 \end{DoxyParams}
                      
There should be exactly one # between &'s, when an
\halign or \valign is being set up. In this case you had
none, so I've put one in; maybe that will work.

! Missing # inserted in alignment preamble.
<to be read again> 
                   &
l.281 \end{DoxyParams}
                      
There should be exactly one # between &'s, when an
\halign or \valign is being set up. In this case you had
none, so I've put one in; maybe that will work.

! Missing # inserted in alignment preamble.
<to be read again> 
                   \cr 
l.281 \end{DoxyParams}
                      
There should be exactly one # between &'s, when an
\halign or \valign is being set up. In this case you had
none, so I've put one in; maybe that will work.

! Missing # inserted in alignment preamble.
<to be read again> 
                   &
l.281 \end{DoxyParams}
                      
There should be exactly one # between &'s, when an
\halign or \valign is being set up. In this case you had
none, so I've put one in; maybe that will work.

! Missing # inserted in alignment preamble.
<to be read again> 
                   \cr 
l.281 \end{DoxyParams}
                      
There should be exactly one # between &'s, when an
\halign or \valign is being set up. In this case you had
none, so I've put one in; maybe that will work.

! Missing # inserted in alignment preamble.
<to be read again> 
                   &
l.281 \end{DoxyParams}
                      
There should be exactly one # between &'s, when an
\halign or \valign is being set up. In this case you had
none, so I've put one in; maybe that will work.

! Missing # inserted in alignment preamble.
<to be read again> 
                   \cr 
l.281 \end{DoxyParams}
                      
There should be exactly one # between &'s, when an
\halign or \valign is being set up. In this case you had
none, so I've put one in; maybe that will work.


Package longtable Warning: Column widths have changed
(longtable)                in table 5.35 on input line 281.


Underfull \hbox (badness 10000) detected at line 282
[][][]
 []

 <./class_rob_frame_a3b51be372803d4960a457d2c03378314_cgraph.pdf>
<class_rob_frame_a3b51be372803d4960a457d2c03378314_cgraph.pdf, id=2178, 982.671
25pt x 401.5pt>
File: class_rob_frame_a3b51be372803d4960a457d2c03378314_cgraph.pdf Graphic file
 (type pdf)
<use class_rob_frame_a3b51be372803d4960a457d2c03378314_cgraph.pdf>
Package pdftex.def Info: class_rob_frame_a3b51be372803d4960a457d2c03378314_cgra
ph.pdf  used on input line 289.
(pdftex.def)             Requested size: 350.0pt x 143.00215pt.
 <./class_rob_frame_a3b51be372803d4960a457d2c03378314_icgraph.pdf>
<class_rob_frame_a3b51be372803d4960a457d2c03378314_icgraph.pdf, id=2186, 340.27
126pt x 136.51pt>
File: class_rob_frame_a3b51be372803d4960a457d2c03378314_icgraph.pdf Graphic fil
e (type pdf)
<use class_rob_frame_a3b51be372803d4960a457d2c03378314_icgraph.pdf>
Package pdftex.def Info: class_rob_frame_a3b51be372803d4960a457d2c03378314_icgr
aph.pdf  used on input line 296.
(pdftex.def)             Requested size: 339.0pt x 136.00766pt.


[66]
Underfull \hbox (badness 10000) detected at line 309
[][][]
 []

 <./class_rob_frame_a56384fc3894ecdaf39252f703ee91873_cgraph.pdf>
<class_rob_frame_a56384fc3894ecdaf39252f703ee91873_cgraph.pdf, id=2205, 1148.29
pt x 325.215pt>
File: class_rob_frame_a56384fc3894ecdaf39252f703ee91873_cgraph.pdf Graphic file
 (type pdf)
<use class_rob_frame_a56384fc3894ecdaf39252f703ee91873_cgraph.pdf>
Package pdftex.def Info: class_rob_frame_a56384fc3894ecdaf39252f703ee91873_cgra
ph.pdf  used on input line 316.
(pdftex.def)             Requested size: 350.0pt x 99.12343pt.

! Undefined control sequence.
<argument> ...rtpbox {\@nextchar }\insert@pcolumn 
                                                  \@endpbox \do@row@strut \o...
l.340 \begin{DoxyParams}{Parameter}
                                   
The control sequence at the end of the top line
of your error message was never \def'ed. If you have
misspelled it (e.g., `\hobx'), type `I' and the correct
spelling (e.g., `I\hbox'). Otherwise just continue,
and I'll forget about whatever was undefined.

! Undefined control sequence.
<argument> ...rtpbox {\@nextchar }\insert@pcolumn 
                                                  \@endpbox \do@row@strut \o...
l.340 \begin{DoxyParams}{Parameter}
                                   
The control sequence at the end of the top line
of your error message was never \def'ed. If you have
misspelled it (e.g., `\hobx'), type `I' and the correct
spelling (e.g., `I\hbox'). Otherwise just continue,
and I'll forget about whatever was undefined.

! Missing # inserted in alignment preamble.
<to be read again> 
                   &
l.347 \end{DoxyParams}
                      
There should be exactly one # between &'s, when an
\halign or \valign is being set up. In this case you had
none, so I've put one in; maybe that will work.

! Missing # inserted in alignment preamble.
<to be read again> 
                   \cr 
l.347 \end{DoxyParams}
                      
There should be exactly one # between &'s, when an
\halign or \valign is being set up. In this case you had
none, so I've put one in; maybe that will work.

! Missing # inserted in alignment preamble.
<to be read again> 
                   &
l.347 \end{DoxyParams}
                      
There should be exactly one # between &'s, when an
\halign or \valign is being set up. In this case you had
none, so I've put one in; maybe that will work.

! Missing # inserted in alignment preamble.
<to be read again> 
                   \cr 
l.347 \end{DoxyParams}
                      
There should be exactly one # between &'s, when an
\halign or \valign is being set up. In this case you had
none, so I've put one in; maybe that will work.

! Missing # inserted in alignment preamble.
<to be read again> 
                   &
l.347 \end{DoxyParams}
                      
There should be exactly one # between &'s, when an
\halign or \valign is being set up. In this case you had
none, so I've put one in; maybe that will work.

! Missing # inserted in alignment preamble.
<to be read again> 
                   \cr 
l.347 \end{DoxyParams}
                      
There should be exactly one # between &'s, when an
\halign or \valign is being set up. In this case you had
none, so I've put one in; maybe that will work.

! Missing # inserted in alignment preamble.
<to be read again> 
                   &
l.347 \end{DoxyParams}
                      
There should be exactly one # between &'s, when an
\halign or \valign is being set up. In this case you had
none, so I've put one in; maybe that will work.

! Missing # inserted in alignment preamble.
<to be read again> 
                   \cr 
l.347 \end{DoxyParams}
                      
There should be exactly one # between &'s, when an
\halign or \valign is being set up. In this case you had
none, so I've put one in; maybe that will work.

! Missing # inserted in alignment preamble.
<to be read again> 
                   &
l.347 \end{DoxyParams}
                      
There should be exactly one # between &'s, when an
\halign or \valign is being set up. In this case you had
none, so I've put one in; maybe that will work.

! Missing # inserted in alignment preamble.
<to be read again> 
                   \cr 
l.347 \end{DoxyParams}
                      
There should be exactly one # between &'s, when an
\halign or \valign is being set up. In this case you had
none, so I've put one in; maybe that will work.

! Missing # inserted in alignment preamble.
<to be read again> 
                   &
l.347 \end{DoxyParams}
                      
There should be exactly one # between &'s, when an
\halign or \valign is being set up. In this case you had
none, so I've put one in; maybe that will work.

! Missing # inserted in alignment preamble.
<to be read again> 
                   \cr 
l.347 \end{DoxyParams}
                      
There should be exactly one # between &'s, when an
\halign or \valign is being set up. In this case you had
none, so I've put one in; maybe that will work.

! Missing # inserted in alignment preamble.
<to be read again> 
                   &
l.347 \end{DoxyParams}
                      
There should be exactly one # between &'s, when an
\halign or \valign is being set up. In this case you had
none, so I've put one in; maybe that will work.

! Missing # inserted in alignment preamble.
<to be read again> 
                   \cr 
l.347 \end{DoxyParams}
                      
There should be exactly one # between &'s, when an
\halign or \valign is being set up. In this case you had
none, so I've put one in; maybe that will work.

! Missing # inserted in alignment preamble.
<to be read again> 
                   &
l.347 \end{DoxyParams}
                      
There should be exactly one # between &'s, when an
\halign or \valign is being set up. In this case you had
none, so I've put one in; maybe that will work.

! Missing # inserted in alignment preamble.
<to be read again> 
                   \cr 
l.347 \end{DoxyParams}
                      
There should be exactly one # between &'s, when an
\halign or \valign is being set up. In this case you had
none, so I've put one in; maybe that will work.

! Missing # inserted in alignment preamble.
<to be read again> 
                   &
l.347 \end{DoxyParams}
                      
There should be exactly one # between &'s, when an
\halign or \valign is being set up. In this case you had
none, so I've put one in; maybe that will work.

! Missing # inserted in alignment preamble.
<to be read again> 
                   \cr 
l.347 \end{DoxyParams}
                      
There should be exactly one # between &'s, when an
\halign or \valign is being set up. In this case you had
none, so I've put one in; maybe that will work.



[67]

Package longtable Warning: Column widths have changed
(longtable)                in table 5.36 on input line 347.


Underfull \hbox (badness 10000) detected at line 348
[][][]
 []

 <./class_rob_frame_a208ae2ae7cdbe80dba28e4d0ad29857b_cgraph.pdf>
<class_rob_frame_a208ae2ae7cdbe80dba28e4d0ad29857b_cgraph.pdf, id=2226, 689.576
25pt x 288.07625pt>
File: class_rob_frame_a208ae2ae7cdbe80dba28e4d0ad29857b_cgraph.pdf Graphic file
 (type pdf)
<use class_rob_frame_a208ae2ae7cdbe80dba28e4d0ad29857b_cgraph.pdf>
Package pdftex.def Info: class_rob_frame_a208ae2ae7cdbe80dba28e4d0ad29857b_cgra
ph.pdf  used on input line 355.
(pdftex.def)             Requested size: 350.0pt x 146.21362pt.
 <./class_rob_frame_a208ae2ae7cdbe80dba28e4d0ad29857b_icgraph.pdf>
<class_rob_frame_a208ae2ae7cdbe80dba28e4d0ad29857b_icgraph.pdf, id=2234, 457.71
pt x 99.37125pt>
File: class_rob_frame_a208ae2ae7cdbe80dba28e4d0ad29857b_icgraph.pdf Graphic fil
e (type pdf)
<use class_rob_frame_a208ae2ae7cdbe80dba28e4d0ad29857b_icgraph.pdf>
Package pdftex.def Info: class_rob_frame_a208ae2ae7cdbe80dba28e4d0ad29857b_icgr
aph.pdf  used on input line 362.
(pdftex.def)             Requested size: 350.0pt x 75.98994pt.

! Undefined control sequence.
<argument> ...rtpbox {\@nextchar }\insert@pcolumn 
                                                  \@endpbox \do@row@strut \o...
l.376 \begin{DoxyParams}{Parameter}
                                   
The control sequence at the end of the top line
of your error message was never \def'ed. If you have
misspelled it (e.g., `\hobx'), type `I' and the correct
spelling (e.g., `I\hbox'). Otherwise just continue,
and I'll forget about whatever was undefined.

! Undefined control sequence.
<argument> ...rtpbox {\@nextchar }\insert@pcolumn 
                                                  \@endpbox \do@row@strut \o...
l.376 \begin{DoxyParams}{Parameter}
                                   
The control sequence at the end of the top line
of your error message was never \def'ed. If you have
misspelled it (e.g., `\hobx'), type `I' and the correct
spelling (e.g., `I\hbox'). Otherwise just continue,
and I'll forget about whatever was undefined.

! Missing # inserted in alignment preamble.
<to be read again> 
                   &
l.387 \end{DoxyParams}
                      
There should be exactly one # between &'s, when an
\halign or \valign is being set up. In this case you had
none, so I've put one in; maybe that will work.

! Missing # inserted in alignment preamble.
<to be read again> 
                   \cr 
l.387 \end{DoxyParams}
                      
There should be exactly one # between &'s, when an
\halign or \valign is being set up. In this case you had
none, so I've put one in; maybe that will work.

! Missing # inserted in alignment preamble.
<to be read again> 
                   &
l.387 \end{DoxyParams}
                      
There should be exactly one # between &'s, when an
\halign or \valign is being set up. In this case you had
none, so I've put one in; maybe that will work.

! Missing # inserted in alignment preamble.
<to be read again> 
                   \cr 
l.387 \end{DoxyParams}
                      
There should be exactly one # between &'s, when an
\halign or \valign is being set up. In this case you had
none, so I've put one in; maybe that will work.

! Missing # inserted in alignment preamble.
<to be read again> 
                   &
l.387 \end{DoxyParams}
                      
There should be exactly one # between &'s, when an
\halign or \valign is being set up. In this case you had
none, so I've put one in; maybe that will work.

! Missing # inserted in alignment preamble.
<to be read again> 
                   \cr 
l.387 \end{DoxyParams}
                      
There should be exactly one # between &'s, when an
\halign or \valign is being set up. In this case you had
none, so I've put one in; maybe that will work.

! Missing # inserted in alignment preamble.
<to be read again> 
                   &
l.387 \end{DoxyParams}
                      
There should be exactly one # between &'s, when an
\halign or \valign is being set up. In this case you had
none, so I've put one in; maybe that will work.

! Missing # inserted in alignment preamble.
<to be read again> 
                   \cr 
l.387 \end{DoxyParams}
                      
There should be exactly one # between &'s, when an
\halign or \valign is being set up. In this case you had
none, so I've put one in; maybe that will work.

! Missing # inserted in alignment preamble.
<to be read again> 
                   &
l.387 \end{DoxyParams}
                      
There should be exactly one # between &'s, when an
\halign or \valign is being set up. In this case you had
none, so I've put one in; maybe that will work.

! Missing # inserted in alignment preamble.
<to be read again> 
                   \cr 
l.387 \end{DoxyParams}
                      
There should be exactly one # between &'s, when an
\halign or \valign is being set up. In this case you had
none, so I've put one in; maybe that will work.

! Missing # inserted in alignment preamble.
<to be read again> 
                   &
l.387 \end{DoxyParams}
                      
There should be exactly one # between &'s, when an
\halign or \valign is being set up. In this case you had
none, so I've put one in; maybe that will work.

! Missing # inserted in alignment preamble.
<to be read again> 
                   \cr 
l.387 \end{DoxyParams}
                      
There should be exactly one # between &'s, when an
\halign or \valign is being set up. In this case you had
none, so I've put one in; maybe that will work.

! Missing # inserted in alignment preamble.
<to be read again> 
                   &
l.387 \end{DoxyParams}
                      
There should be exactly one # between &'s, when an
\halign or \valign is being set up. In this case you had
none, so I've put one in; maybe that will work.

! Missing # inserted in alignment preamble.
<to be read again> 
                   \cr 
l.387 \end{DoxyParams}
                      
There should be exactly one # between &'s, when an
\halign or \valign is being set up. In this case you had
none, so I've put one in; maybe that will work.

! Missing # inserted in alignment preamble.
<to be read again> 
                   &
l.387 \end{DoxyParams}
                      
There should be exactly one # between &'s, when an
\halign or \valign is being set up. In this case you had
none, so I've put one in; maybe that will work.

! Missing # inserted in alignment preamble.
<to be read again> 
                   \cr 
l.387 \end{DoxyParams}
                      
There should be exactly one # between &'s, when an
\halign or \valign is being set up. In this case you had
none, so I've put one in; maybe that will work.

! Missing # inserted in alignment preamble.
<to be read again> 
                   &
l.387 \end{DoxyParams}
                      
There should be exactly one # between &'s, when an
\halign or \valign is being set up. In this case you had
none, so I've put one in; maybe that will work.

! Missing # inserted in alignment preamble.
<to be read again> 
                   \cr 
l.387 \end{DoxyParams}
                      
There should be exactly one # between &'s, when an
\halign or \valign is being set up. In this case you had
none, so I've put one in; maybe that will work.


Package longtable Warning: Column widths have changed
(longtable)                in table 5.37 on input line 387.



[68]
Underfull \hbox (badness 10000) detected at line 388
[][][]
 []

 <./class_rob_frame_a194090d0e0cbb371b0af3a7728a41a49_icgraph.pdf>
<class_rob_frame_a194090d0e0cbb371b0af3a7728a41a49_icgraph.pdf, id=2255, 479.79
25pt x 154.5775pt>
File: class_rob_frame_a194090d0e0cbb371b0af3a7728a41a49_icgraph.pdf Graphic fil
e (type pdf)
<use class_rob_frame_a194090d0e0cbb371b0af3a7728a41a49_icgraph.pdf>
Package pdftex.def Info: class_rob_frame_a194090d0e0cbb371b0af3a7728a41a49_icgr
aph.pdf  used on input line 395.
(pdftex.def)             Requested size: 350.0pt x 112.76279pt.


[69]) (./structs_position.tex

[70]) (./structs_posture.tex

[71])

[72]
Kapitel 6.
(./_actuator_8cpp.tex <./_actuator_8cpp__incl.pdf>
<_actuator_8cpp__incl.pdf, id=2354, 497.86pt x 320.19624pt>
File: _actuator_8cpp__incl.pdf Graphic file (type pdf)
<use _actuator_8cpp__incl.pdf>
Package pdftex.def Info: _actuator_8cpp__incl.pdf  used on input line 8.
(pdftex.def)             Requested size: 350.0pt x 225.10321pt.
) (./_actuator_8hpp.tex <./_actuator_8hpp__incl.pdf>
<_actuator_8hpp__incl.pdf, id=2362, 497.86pt x 264.99pt>
File: _actuator_8hpp__incl.pdf Graphic file (type pdf)
<use _actuator_8hpp__incl.pdf>
Package pdftex.def Info: _actuator_8hpp__incl.pdf  used on input line 11.
(pdftex.def)             Requested size: 350.0pt x 186.29233pt.


[73

] <./_actuator_8hpp__dep__incl.pdf>
<_actuator_8hpp__dep__incl.pdf, id=2379, 583.17876pt x 209.78375pt>
File: _actuator_8hpp__dep__incl.pdf Graphic file (type pdf)
<use _actuator_8hpp__dep__incl.pdf>
Package pdftex.def Info: _actuator_8hpp__dep__incl.pdf  used on input line 18.
(pdftex.def)             Requested size: 350.0pt x 125.90642pt.
) (./_actuator_8hpp_source.tex

[74]) (./_commands_8cpp.tex <./_commands_8cpp__incl.pdf>
<_commands_8cpp__incl.pdf, id=2481, 821.0675pt x 430.60875pt>
File: _commands_8cpp__incl.pdf Graphic file (type pdf)
<use _commands_8cpp__incl.pdf>
Package pdftex.def Info: _commands_8cpp__incl.pdf  used on input line 9.
(pdftex.def)             Requested size: 350.0pt x 183.55493pt.
) (./_commands_8hpp.tex <./_commands_8hpp__incl.pdf>
<_commands_8hpp__incl.pdf, id=2489, 677.53125pt x 320.19624pt>
File: _commands_8hpp__incl.pdf Graphic file (type pdf)
<use _commands_8hpp__incl.pdf>
Package pdftex.def Info: _commands_8hpp__incl.pdf  used on input line 13.
(pdftex.def)             Requested size: 350.0pt x 165.41347pt.


[75] <./_commands_8hpp__dep__incl.pdf>
<_commands_8hpp__dep__incl.pdf, id=2505, 583.17876pt x 209.78375pt>
File: _commands_8hpp__dep__incl.pdf Graphic file (type pdf)
<use _commands_8hpp__dep__incl.pdf>
Package pdftex.def Info: _commands_8hpp__dep__incl.pdf  used on input line 20.
(pdftex.def)             Requested size: 350.0pt x 125.90642pt.
) (./_commands_8hpp_source.tex

[76]

[77]) (./_joint_8cpp.tex <./_joint_8cpp__incl.pdf>
<_joint_8cpp__incl.pdf, id=2592, 136.51pt x 209.78375pt>
File: _joint_8cpp__incl.pdf Graphic file (type pdf)
<use _joint_8cpp__incl.pdf>
Package pdftex.def Info: _joint_8cpp__incl.pdf  used on input line 8.
(pdftex.def)             Requested size: 136.0pt x 209.01176pt.
) (./_joint_8hpp.tex <./_joint_8hpp__incl.pdf>
<_joint_8hpp__incl.pdf, id=2600, 136.51pt x 154.5775pt>
File: _joint_8hpp__incl.pdf Graphic file (type pdf)
<use _joint_8hpp__incl.pdf>
Package pdftex.def Info: _joint_8hpp__incl.pdf  used on input line 8.
(pdftex.def)             Requested size: 136.0pt x 154.00865pt.
 <./_joint_8hpp__dep__incl.pdf>
<_joint_8hpp__dep__incl.pdf, id=2608, 583.17876pt x 264.99pt>
File: _joint_8hpp__dep__incl.pdf Graphic file (type pdf)
<use _joint_8hpp__dep__incl.pdf>
Package pdftex.def Info: _joint_8hpp__dep__incl.pdf  used on input line 15.
(pdftex.def)             Requested size: 350.0pt x 159.0397pt.


[78]) (./_joint_8hpp_source.tex) (./_kinematic_8cpp.tex <./_kinematic_8cpp__inc
l.pdf>
<_kinematic_8cpp__incl.pdf, id=2655, 778.91pt x 430.60875pt>
File: _kinematic_8cpp__incl.pdf Graphic file (type pdf)
<use _kinematic_8cpp__incl.pdf>
Package pdftex.def Info: _kinematic_8cpp__incl.pdf  used on input line 9.
(pdftex.def)             Requested size: 350.0pt x 193.4896pt.


[79] <./_kinematic_8cpp_ac5b83beb5fe73e1a9f3d2fe3166f3d53_icgraph.pdf>
<_kinematic_8cpp_ac5b83beb5fe73e1a9f3d2fe3166f3d53_icgraph.pdf, id=2677, 435.62
75pt x 173.64874pt>
File: _kinematic_8cpp_ac5b83beb5fe73e1a9f3d2fe3166f3d53_icgraph.pdf Graphic fil
e (type pdf)
<use _kinematic_8cpp_ac5b83beb5fe73e1a9f3d2fe3166f3d53_icgraph.pdf>
Package pdftex.def Info: _kinematic_8cpp_ac5b83beb5fe73e1a9f3d2fe3166f3d53_icgr
aph.pdf  used on input line 45.
(pdftex.def)             Requested size: 350.0pt x 139.51535pt.


[80] <./_kinematic_8cpp_a339acfaac605b5bd73624297f191cc39_icgraph.pdf>
<_kinematic_8cpp_a339acfaac605b5bd73624297f191cc39_icgraph.pdf, id=2701, 589.20
125pt x 194.7275pt>
File: _kinematic_8cpp_a339acfaac605b5bd73624297f191cc39_icgraph.pdf Graphic fil
e (type pdf)
<use _kinematic_8cpp_a339acfaac605b5bd73624297f191cc39_icgraph.pdf>
Package pdftex.def Info: _kinematic_8cpp_a339acfaac605b5bd73624297f191cc39_icgr
aph.pdf  used on input line 62.
(pdftex.def)             Requested size: 350.0pt x 115.67264pt.
 <./_kinematic_8cpp_a7dc06c148934c75d6b7fcf3cb6e916c1_icgraph.pdf>
<_kinematic_8cpp_a7dc06c148934c75d6b7fcf3cb6e916c1_icgraph.pdf, id=2709, 411.53
75pt x 99.37125pt>
File: _kinematic_8cpp_a7dc06c148934c75d6b7fcf3cb6e916c1_icgraph.pdf Graphic fil
e (type pdf)
<use _kinematic_8cpp_a7dc06c148934c75d6b7fcf3cb6e916c1_icgraph.pdf>
Package pdftex.def Info: _kinematic_8cpp_a7dc06c148934c75d6b7fcf3cb6e916c1_icgr
aph.pdf  used on input line 79.
(pdftex.def)             Requested size: 350.0pt x 84.51295pt.


[81]) (./_kinematic_8hpp.tex <./_kinematic_8hpp__incl.pdf>
<_kinematic_8hpp__incl.pdf, id=2728, 431.6125pt x 264.99pt>
File: _kinematic_8hpp__incl.pdf Graphic file (type pdf)
<use _kinematic_8hpp__incl.pdf>
Package pdftex.def Info: _kinematic_8hpp__incl.pdf  used on input line 13.
(pdftex.def)             Requested size: 350.0pt x 214.8914pt.
 <./_kinematic_8hpp__dep__incl.pdf>
<_kinematic_8hpp__dep__incl.pdf, id=2736, 583.17876pt x 264.99pt>
File: _kinematic_8hpp__dep__incl.pdf Graphic file (type pdf)
<use _kinematic_8hpp__dep__incl.pdf>
Package pdftex.def Info: _kinematic_8hpp__dep__incl.pdf  used on input line 20.

(pdftex.def)             Requested size: 350.0pt x 159.0397pt.


[82]
! Undefined control sequence.
<argument> ...rtpbox {\@nextchar }\insert@pcolumn 
                                                  \@endpbox \do@row@strut \o...
l.53 \begin{DoxyParams}{Parameter}
                                  
The control sequence at the end of the top line
of your error message was never \def'ed. If you have
misspelled it (e.g., `\hobx'), type `I' and the correct
spelling (e.g., `I\hbox'). Otherwise just continue,
and I'll forget about whatever was undefined.

! Undefined control sequence.
<argument> ...rtpbox {\@nextchar }\insert@pcolumn 
                                                  \@endpbox \do@row@strut \o...
l.53 \begin{DoxyParams}{Parameter}
                                  
The control sequence at the end of the top line
of your error message was never \def'ed. If you have
misspelled it (e.g., `\hobx'), type `I' and the correct
spelling (e.g., `I\hbox'). Otherwise just continue,
and I'll forget about whatever was undefined.

! Missing # inserted in alignment preamble.
<to be read again> 
                   &
l.56 \end{DoxyParams}
                     
There should be exactly one # between &'s, when an
\halign or \valign is being set up. In this case you had
none, so I've put one in; maybe that will work.

! Missing # inserted in alignment preamble.
<to be read again> 
                   \cr 
l.56 \end{DoxyParams}
                     
There should be exactly one # between &'s, when an
\halign or \valign is being set up. In this case you had
none, so I've put one in; maybe that will work.

! Missing # inserted in alignment preamble.
<to be read again> 
                   &
l.56 \end{DoxyParams}
                     
There should be exactly one # between &'s, when an
\halign or \valign is being set up. In this case you had
none, so I've put one in; maybe that will work.

! Missing # inserted in alignment preamble.
<to be read again> 
                   \cr 
l.56 \end{DoxyParams}
                     
There should be exactly one # between &'s, when an
\halign or \valign is being set up. In this case you had
none, so I've put one in; maybe that will work.

! Missing # inserted in alignment preamble.
<to be read again> 
                   &
l.56 \end{DoxyParams}
                     
There should be exactly one # between &'s, when an
\halign or \valign is being set up. In this case you had
none, so I've put one in; maybe that will work.

! Missing # inserted in alignment preamble.
<to be read again> 
                   \cr 
l.56 \end{DoxyParams}
                     
There should be exactly one # between &'s, when an
\halign or \valign is being set up. In this case you had
none, so I've put one in; maybe that will work.

! Missing # inserted in alignment preamble.
<to be read again> 
                   &
l.56 \end{DoxyParams}
                     
There should be exactly one # between &'s, when an
\halign or \valign is being set up. In this case you had
none, so I've put one in; maybe that will work.

! Missing # inserted in alignment preamble.
<to be read again> 
                   \cr 
l.56 \end{DoxyParams}
                     
There should be exactly one # between &'s, when an
\halign or \valign is being set up. In this case you had
none, so I've put one in; maybe that will work.

! Missing # inserted in alignment preamble.
<to be read again> 
                   &
l.56 \end{DoxyParams}
                     
There should be exactly one # between &'s, when an
\halign or \valign is being set up. In this case you had
none, so I've put one in; maybe that will work.

! Missing # inserted in alignment preamble.
<to be read again> 
                   \cr 
l.56 \end{DoxyParams}
                     
There should be exactly one # between &'s, when an
\halign or \valign is being set up. In this case you had
none, so I've put one in; maybe that will work.

! Missing # inserted in alignment preamble.
<to be read again> 
                   &
l.56 \end{DoxyParams}
                     
There should be exactly one # between &'s, when an
\halign or \valign is being set up. In this case you had
none, so I've put one in; maybe that will work.

! Missing # inserted in alignment preamble.
<to be read again> 
                   \cr 
l.56 \end{DoxyParams}
                     
There should be exactly one # between &'s, when an
\halign or \valign is being set up. In this case you had
none, so I've put one in; maybe that will work.

! Missing # inserted in alignment preamble.
<to be read again> 
                   &
l.56 \end{DoxyParams}
                     
There should be exactly one # between &'s, when an
\halign or \valign is being set up. In this case you had
none, so I've put one in; maybe that will work.

! Missing # inserted in alignment preamble.
<to be read again> 
                   \cr 
l.56 \end{DoxyParams}
                     
There should be exactly one # between &'s, when an
\halign or \valign is being set up. In this case you had
none, so I've put one in; maybe that will work.

! Missing # inserted in alignment preamble.
<to be read again> 
                   &
l.56 \end{DoxyParams}
                     
There should be exactly one # between &'s, when an
\halign or \valign is being set up. In this case you had
none, so I've put one in; maybe that will work.

! Missing # inserted in alignment preamble.
<to be read again> 
                   \cr 
l.56 \end{DoxyParams}
                     
There should be exactly one # between &'s, when an
\halign or \valign is being set up. In this case you had
none, so I've put one in; maybe that will work.

! Missing # inserted in alignment preamble.
<to be read again> 
                   &
l.56 \end{DoxyParams}
                     
There should be exactly one # between &'s, when an
\halign or \valign is being set up. In this case you had
none, so I've put one in; maybe that will work.

! Missing # inserted in alignment preamble.
<to be read again> 
                   \cr 
l.56 \end{DoxyParams}
                     
There should be exactly one # between &'s, when an
\halign or \valign is being set up. In this case you had
none, so I've put one in; maybe that will work.


Package longtable Warning: Column widths have changed
(longtable)                in table 6.1 on input line 56.


Underfull \hbox (badness 10000) detected at line 57
[][][]
 []

 <./_kinematic_8hpp_ac5b83beb5fe73e1a9f3d2fe3166f3d53_icgraph.pdf>
<_kinematic_8hpp_ac5b83beb5fe73e1a9f3d2fe3166f3d53_icgraph.pdf, id=2758, 435.62
75pt x 173.64874pt>
File: _kinematic_8hpp_ac5b83beb5fe73e1a9f3d2fe3166f3d53_icgraph.pdf Graphic fil
e (type pdf)
<use _kinematic_8hpp_ac5b83beb5fe73e1a9f3d2fe3166f3d53_icgraph.pdf>
Package pdftex.def Info: _kinematic_8hpp_ac5b83beb5fe73e1a9f3d2fe3166f3d53_icgr
aph.pdf  used on input line 64.
(pdftex.def)             Requested size: 350.0pt x 139.51535pt.

! Undefined control sequence.
<argument> ...rtpbox {\@nextchar }\insert@pcolumn 
                                                  \@endpbox \do@row@strut \o...
l.78 \begin{DoxyParams}{Parameter}
                                  
The control sequence at the end of the top line
of your error message was never \def'ed. If you have
misspelled it (e.g., `\hobx'), type `I' and the correct
spelling (e.g., `I\hbox'). Otherwise just continue,
and I'll forget about whatever was undefined.

! Undefined control sequence.
<argument> ...rtpbox {\@nextchar }\insert@pcolumn 
                                                  \@endpbox \do@row@strut \o...
l.78 \begin{DoxyParams}{Parameter}
                                  
The control sequence at the end of the top line
of your error message was never \def'ed. If you have
misspelled it (e.g., `\hobx'), type `I' and the correct
spelling (e.g., `I\hbox'). Otherwise just continue,
and I'll forget about whatever was undefined.

! Missing # inserted in alignment preamble.
<to be read again> 
                   &
l.81 \end{DoxyParams}
                     
There should be exactly one # between &'s, when an
\halign or \valign is being set up. In this case you had
none, so I've put one in; maybe that will work.

! Missing # inserted in alignment preamble.
<to be read again> 
                   \cr 
l.81 \end{DoxyParams}
                     
There should be exactly one # between &'s, when an
\halign or \valign is being set up. In this case you had
none, so I've put one in; maybe that will work.

! Missing # inserted in alignment preamble.
<to be read again> 
                   &
l.81 \end{DoxyParams}
                     
There should be exactly one # between &'s, when an
\halign or \valign is being set up. In this case you had
none, so I've put one in; maybe that will work.

! Missing # inserted in alignment preamble.
<to be read again> 
                   \cr 
l.81 \end{DoxyParams}
                     
There should be exactly one # between &'s, when an
\halign or \valign is being set up. In this case you had
none, so I've put one in; maybe that will work.

! Missing # inserted in alignment preamble.
<to be read again> 
                   &
l.81 \end{DoxyParams}
                     
There should be exactly one # between &'s, when an
\halign or \valign is being set up. In this case you had
none, so I've put one in; maybe that will work.

! Missing # inserted in alignment preamble.
<to be read again> 
                   \cr 
l.81 \end{DoxyParams}
                     
There should be exactly one # between &'s, when an
\halign or \valign is being set up. In this case you had
none, so I've put one in; maybe that will work.

! Missing # inserted in alignment preamble.
<to be read again> 
                   &
l.81 \end{DoxyParams}
                     
There should be exactly one # between &'s, when an
\halign or \valign is being set up. In this case you had
none, so I've put one in; maybe that will work.

! Missing # inserted in alignment preamble.
<to be read again> 
                   \cr 
l.81 \end{DoxyParams}
                     
There should be exactly one # between &'s, when an
\halign or \valign is being set up. In this case you had
none, so I've put one in; maybe that will work.

! Missing # inserted in alignment preamble.
<to be read again> 
                   &
l.81 \end{DoxyParams}
                     
There should be exactly one # between &'s, when an
\halign or \valign is being set up. In this case you had
none, so I've put one in; maybe that will work.

! Missing # inserted in alignment preamble.
<to be read again> 
                   \cr 
l.81 \end{DoxyParams}
                     
There should be exactly one # between &'s, when an
\halign or \valign is being set up. In this case you had
none, so I've put one in; maybe that will work.

! Missing # inserted in alignment preamble.
<to be read again> 
                   &
l.81 \end{DoxyParams}
                     
There should be exactly one # between &'s, when an
\halign or \valign is being set up. In this case you had
none, so I've put one in; maybe that will work.

! Missing # inserted in alignment preamble.
<to be read again> 
                   \cr 
l.81 \end{DoxyParams}
                     
There should be exactly one # between &'s, when an
\halign or \valign is being set up. In this case you had
none, so I've put one in; maybe that will work.

! Missing # inserted in alignment preamble.
<to be read again> 
                   &
l.81 \end{DoxyParams}
                     
There should be exactly one # between &'s, when an
\halign or \valign is being set up. In this case you had
none, so I've put one in; maybe that will work.

! Missing # inserted in alignment preamble.
<to be read again> 
                   \cr 
l.81 \end{DoxyParams}
                     
There should be exactly one # between &'s, when an
\halign or \valign is being set up. In this case you had
none, so I've put one in; maybe that will work.

! Missing # inserted in alignment preamble.
<to be read again> 
                   &
l.81 \end{DoxyParams}
                     
There should be exactly one # between &'s, when an
\halign or \valign is being set up. In this case you had
none, so I've put one in; maybe that will work.

! Missing # inserted in alignment preamble.
<to be read again> 
                   \cr 
l.81 \end{DoxyParams}
                     
There should be exactly one # between &'s, when an
\halign or \valign is being set up. In this case you had
none, so I've put one in; maybe that will work.

! Missing # inserted in alignment preamble.
<to be read again> 
                   &
l.81 \end{DoxyParams}
                     
There should be exactly one # between &'s, when an
\halign or \valign is being set up. In this case you had
none, so I've put one in; maybe that will work.

! Missing # inserted in alignment preamble.
<to be read again> 
                   \cr 
l.81 \end{DoxyParams}
                     
There should be exactly one # between &'s, when an
\halign or \valign is being set up. In this case you had
none, so I've put one in; maybe that will work.



[83]

Package longtable Warning: Column widths have changed
(longtable)                in table 6.2 on input line 81.


Underfull \hbox (badness 10000) detected at line 82
[][][]
 []

 <./_kinematic_8hpp_a339acfaac605b5bd73624297f191cc39_icgraph.pdf>
<_kinematic_8hpp_a339acfaac605b5bd73624297f191cc39_icgraph.pdf, id=2785, 589.20
125pt x 194.7275pt>
File: _kinematic_8hpp_a339acfaac605b5bd73624297f191cc39_icgraph.pdf Graphic fil
e (type pdf)
<use _kinematic_8hpp_a339acfaac605b5bd73624297f191cc39_icgraph.pdf>
Package pdftex.def Info: _kinematic_8hpp_a339acfaac605b5bd73624297f191cc39_icgr
aph.pdf  used on input line 89.
(pdftex.def)             Requested size: 350.0pt x 115.67264pt.

! Undefined control sequence.
<argument> ...rtpbox {\@nextchar }\insert@pcolumn 
                                                  \@endpbox \do@row@strut \o...
l.103 \begin{DoxyParams}{Parameter}
                                   
The control sequence at the end of the top line
of your error message was never \def'ed. If you have
misspelled it (e.g., `\hobx'), type `I' and the correct
spelling (e.g., `I\hbox'). Otherwise just continue,
and I'll forget about whatever was undefined.

! Undefined control sequence.
<argument> ...rtpbox {\@nextchar }\insert@pcolumn 
                                                  \@endpbox \do@row@strut \o...
l.103 \begin{DoxyParams}{Parameter}
                                   
The control sequence at the end of the top line
of your error message was never \def'ed. If you have
misspelled it (e.g., `\hobx'), type `I' and the correct
spelling (e.g., `I\hbox'). Otherwise just continue,
and I'll forget about whatever was undefined.

! Missing # inserted in alignment preamble.
<to be read again> 
                   &
l.106 \end{DoxyParams}
                      
There should be exactly one # between &'s, when an
\halign or \valign is being set up. In this case you had
none, so I've put one in; maybe that will work.

! Missing # inserted in alignment preamble.
<to be read again> 
                   \cr 
l.106 \end{DoxyParams}
                      
There should be exactly one # between &'s, when an
\halign or \valign is being set up. In this case you had
none, so I've put one in; maybe that will work.

! Missing # inserted in alignment preamble.
<to be read again> 
                   &
l.106 \end{DoxyParams}
                      
There should be exactly one # between &'s, when an
\halign or \valign is being set up. In this case you had
none, so I've put one in; maybe that will work.

! Missing # inserted in alignment preamble.
<to be read again> 
                   \cr 
l.106 \end{DoxyParams}
                      
There should be exactly one # between &'s, when an
\halign or \valign is being set up. In this case you had
none, so I've put one in; maybe that will work.

! Missing # inserted in alignment preamble.
<to be read again> 
                   &
l.106 \end{DoxyParams}
                      
There should be exactly one # between &'s, when an
\halign or \valign is being set up. In this case you had
none, so I've put one in; maybe that will work.

! Missing # inserted in alignment preamble.
<to be read again> 
                   \cr 
l.106 \end{DoxyParams}
                      
There should be exactly one # between &'s, when an
\halign or \valign is being set up. In this case you had
none, so I've put one in; maybe that will work.

! Missing # inserted in alignment preamble.
<to be read again> 
                   &
l.106 \end{DoxyParams}
                      
There should be exactly one # between &'s, when an
\halign or \valign is being set up. In this case you had
none, so I've put one in; maybe that will work.

! Missing # inserted in alignment preamble.
<to be read again> 
                   \cr 
l.106 \end{DoxyParams}
                      
There should be exactly one # between &'s, when an
\halign or \valign is being set up. In this case you had
none, so I've put one in; maybe that will work.

! Missing # inserted in alignment preamble.
<to be read again> 
                   &
l.106 \end{DoxyParams}
                      
There should be exactly one # between &'s, when an
\halign or \valign is being set up. In this case you had
none, so I've put one in; maybe that will work.

! Missing # inserted in alignment preamble.
<to be read again> 
                   \cr 
l.106 \end{DoxyParams}
                      
There should be exactly one # between &'s, when an
\halign or \valign is being set up. In this case you had
none, so I've put one in; maybe that will work.

! Missing # inserted in alignment preamble.
<to be read again> 
                   &
l.106 \end{DoxyParams}
                      
There should be exactly one # between &'s, when an
\halign or \valign is being set up. In this case you had
none, so I've put one in; maybe that will work.

! Missing # inserted in alignment preamble.
<to be read again> 
                   \cr 
l.106 \end{DoxyParams}
                      
There should be exactly one # between &'s, when an
\halign or \valign is being set up. In this case you had
none, so I've put one in; maybe that will work.

! Missing # inserted in alignment preamble.
<to be read again> 
                   &
l.106 \end{DoxyParams}
                      
There should be exactly one # between &'s, when an
\halign or \valign is being set up. In this case you had
none, so I've put one in; maybe that will work.

! Missing # inserted in alignment preamble.
<to be read again> 
                   \cr 
l.106 \end{DoxyParams}
                      
There should be exactly one # between &'s, when an
\halign or \valign is being set up. In this case you had
none, so I've put one in; maybe that will work.

! Missing # inserted in alignment preamble.
<to be read again> 
                   &
l.106 \end{DoxyParams}
                      
There should be exactly one # between &'s, when an
\halign or \valign is being set up. In this case you had
none, so I've put one in; maybe that will work.

! Missing # inserted in alignment preamble.
<to be read again> 
                   \cr 
l.106 \end{DoxyParams}
                      
There should be exactly one # between &'s, when an
\halign or \valign is being set up. In this case you had
none, so I've put one in; maybe that will work.

! Missing # inserted in alignment preamble.
<to be read again> 
                   &
l.106 \end{DoxyParams}
                      
There should be exactly one # between &'s, when an
\halign or \valign is being set up. In this case you had
none, so I've put one in; maybe that will work.

! Missing # inserted in alignment preamble.
<to be read again> 
                   \cr 
l.106 \end{DoxyParams}
                      
There should be exactly one # between &'s, when an
\halign or \valign is being set up. In this case you had
none, so I've put one in; maybe that will work.


Package longtable Warning: Column widths have changed
(longtable)                in table 6.3 on input line 106.


Underfull \hbox (badness 10000) detected at line 107
[][][]
 []

 <./_kinematic_8hpp_a8e014290d3f9707d1c2d06717e815a8b_icgraph.pdf>
<_kinematic_8hpp_a8e014290d3f9707d1c2d06717e815a8b_icgraph.pdf, id=2793, 411.53
75pt x 99.37125pt>
File: _kinematic_8hpp_a8e014290d3f9707d1c2d06717e815a8b_icgraph.pdf Graphic fil
e (type pdf)
<use _kinematic_8hpp_a8e014290d3f9707d1c2d06717e815a8b_icgraph.pdf>
Package pdftex.def Info: _kinematic_8hpp_a8e014290d3f9707d1c2d06717e815a8b_icgr
aph.pdf  used on input line 114.
(pdftex.def)             Requested size: 350.0pt x 84.51295pt.
)
(./_kinematic_8hpp_source.tex

[84]) (./_logger_8cpp.tex <./_logger_8cpp__incl.pdf>
<_logger_8cpp__incl.pdf, id=2865, 355.3275pt x 264.99pt>
File: _logger_8cpp__incl.pdf Graphic file (type pdf)
<use _logger_8cpp__incl.pdf>
Package pdftex.def Info: _logger_8cpp__incl.pdf  used on input line 8.
(pdftex.def)             Requested size: 350.0pt x 261.0268pt.


[85]) (./_logger_8hpp.tex <./_logger_8hpp__incl.pdf>
<_logger_8hpp__incl.pdf, id=2912, 355.3275pt x 209.78375pt>
File: _logger_8hpp__incl.pdf Graphic file (type pdf)
<use _logger_8hpp__incl.pdf>
Package pdftex.def Info: _logger_8hpp__incl.pdf  used on input line 11.
(pdftex.def)             Requested size: 350.0pt x 206.6462pt.


[86] <./_logger_8hpp__dep__incl.pdf>
<_logger_8hpp__dep__incl.pdf, id=2930, 584.1825pt x 320.19624pt>
File: _logger_8hpp__dep__incl.pdf Graphic file (type pdf)
<use _logger_8hpp__dep__incl.pdf>
Package pdftex.def Info: _logger_8hpp__dep__incl.pdf  used on input line 18.
(pdftex.def)             Requested size: 350.0pt x 191.84561pt.


[87]) (./_logger_8hpp_source.tex

[88]) (./main_8cpp.tex <./main_8cpp__incl.pdf>
<main_8cpp__incl.pdf, id=3019, 762.85pt x 430.60875pt>
File: main_8cpp__incl.pdf Graphic file (type pdf)
<use main_8cpp__incl.pdf>
Package pdftex.def Info: main_8cpp__incl.pdf  used on input line 8.
(pdftex.def)             Requested size: 350.0pt x 197.56334pt.
 <./main_8cpp_afe461d27b9c48d5921c00d521181f12f_cgraph.pdf>
<main_8cpp_afe461d27b9c48d5921c00d521181f12f_cgraph.pdf, id=3032, 216.81pt x 99
.37125pt>
File: main_8cpp_afe461d27b9c48d5921c00d521181f12f_cgraph.pdf Graphic file (type
 pdf)
<use main_8cpp_afe461d27b9c48d5921c00d521181f12f_cgraph.pdf>
Package pdftex.def Info: main_8cpp_afe461d27b9c48d5921c00d521181f12f_cgraph.pdf
  used on input line 40.
(pdftex.def)             Requested size: 216.0pt x 99.00557pt.


[89] <./main_8cpp_a4fc01d736fe50cf5b977f755b675f11d_cgraph.pdf>
<main_8cpp_a4fc01d736fe50cf5b977f755b675f11d_cgraph.pdf, id=3057, 222.8325pt x 
99.37125pt>
File: main_8cpp_a4fc01d736fe50cf5b977f755b675f11d_cgraph.pdf Graphic file (type
 pdf)
<use main_8cpp_a4fc01d736fe50cf5b977f755b675f11d_cgraph.pdf>
Package pdftex.def Info: main_8cpp_a4fc01d736fe50cf5b977f755b675f11d_cgraph.pdf
  used on input line 53.
(pdftex.def)             Requested size: 222.0pt x 99.00102pt.
) (./pins_8h.tex <./pins_8h__dep__incl.pdf>
<pins_8h__dep__incl.pdf, id=3066, 583.17876pt x 209.78375pt>
File: pins_8h__dep__incl.pdf Graphic file (type pdf)
<use pins_8h__dep__incl.pdf>
Package pdftex.def Info: pins_8h__dep__incl.pdf  used on input line 7.
(pdftex.def)             Requested size: 350.0pt x 125.90642pt.


[90]

[91]

[92]

[93]) (./pins_8h_source.tex

[94]) (./_position_factory_8cpp.tex <./_position_factory_8cpp__incl.pdf>
<_position_factory_8cpp__incl.pdf, id=3208, 845.1575pt x 430.60875pt>
File: _position_factory_8cpp__incl.pdf Graphic file (type pdf)
<use _position_factory_8cpp__incl.pdf>
Package pdftex.def Info: _position_factory_8cpp__incl.pdf  used on input line 9
.
(pdftex.def)             Requested size: 350.0pt x 178.33134pt.
)
(./_position_factory_8hpp.tex

[95] <./_position_factory_8hpp__incl.pdf>
<_position_factory_8hpp__incl.pdf, id=3225, 355.3275pt x 264.99pt>
File: _position_factory_8hpp__incl.pdf Graphic file (type pdf)
<use _position_factory_8hpp__incl.pdf>
Package pdftex.def Info: _position_factory_8hpp__incl.pdf  used on input line 9
.
(pdftex.def)             Requested size: 350.0pt x 261.0268pt.
 <./_position_factory_8hpp__dep__incl.pdf>
<_position_factory_8hpp__dep__incl.pdf, id=3233, 583.17876pt x 209.78375pt>
File: _position_factory_8hpp__dep__incl.pdf Graphic file (type pdf)
<use _position_factory_8hpp__dep__incl.pdf>
Package pdftex.def Info: _position_factory_8hpp__dep__incl.pdf  used on input l
ine 16.
(pdftex.def)             Requested size: 350.0pt x 125.90642pt.


[96]) (./_position_factory_8hpp_source.tex

[97]) (./_r_e_a_d_m_e_8md.tex) (./_rob_frame_work_8cpp.tex <./_rob_frame_work_8
cpp__incl.pdf>
<_rob_frame_work_8cpp__incl.pdf, id=3305, 762.85pt x 430.60875pt>
File: _rob_frame_work_8cpp__incl.pdf Graphic file (type pdf)
<use _rob_frame_work_8cpp__incl.pdf>
Package pdftex.def Info: _rob_frame_work_8cpp__incl.pdf  used on input line 8.
(pdftex.def)             Requested size: 350.0pt x 197.56334pt.
) (./_rob_frame_work_8hpp.tex <./_rob_frame_work_8hpp__incl.pdf>
<_rob_frame_work_8hpp__incl.pdf, id=3313, 762.85pt x 375.4025pt>
File: _rob_frame_work_8hpp__incl.pdf Graphic file (type pdf)
<use _rob_frame_work_8hpp__incl.pdf>
Package pdftex.def Info: _rob_frame_work_8hpp__incl.pdf  used on input line 12.

(pdftex.def)             Requested size: 350.0pt x 172.23471pt.


[98] <./_rob_frame_work_8hpp__dep__incl.pdf>
<_rob_frame_work_8hpp__dep__incl.pdf, id=3331, 583.17876pt x 154.5775pt>
File: _rob_frame_work_8hpp__dep__incl.pdf Graphic file (type pdf)
<use _rob_frame_work_8hpp__dep__incl.pdf>
Package pdftex.def Info: _rob_frame_work_8hpp__dep__incl.pdf  used on input lin
e 19.
(pdftex.def)             Requested size: 350.0pt x 92.77315pt.
)
(./_rob_frame_work_8hpp_source.tex

[99]) (./_types_8hpp.tex <./_types_8hpp__incl.pdf>
<_types_8hpp__incl.pdf, id=3407, 142.5325pt x 154.5775pt>
File: _types_8hpp__incl.pdf Graphic file (type pdf)
<use _types_8hpp__incl.pdf>
Package pdftex.def Info: _types_8hpp__incl.pdf  used on input line 8.
(pdftex.def)             Requested size: 142.0pt x 153.99922pt.
 <./_types_8hpp__dep__incl.pdf>
<_types_8hpp__dep__incl.pdf, id=3415, 616.3025pt x 375.4025pt>
File: _types_8hpp__dep__incl.pdf Graphic file (type pdf)
<use _types_8hpp__dep__incl.pdf>
Package pdftex.def Info: _types_8hpp__dep__incl.pdf  used on input line 15.
(pdftex.def)             Requested size: 350.0pt x 213.19688pt.


[100]

[101]

[102]
! Undefined control sequence.
<argument> ...rtpbox {\@nextchar }\insert@pcolumn 
                                                  \@endpbox \do@row@strut \o...
l.199 \begin{DoxyEnumFields}[2]{Aufzählungswerte}
                                                  
The control sequence at the end of the top line
of your error message was never \def'ed. If you have
misspelled it (e.g., `\hobx'), type `I' and the correct
spelling (e.g., `I\hbox'). Otherwise just continue,
and I'll forget about whatever was undefined.

! Undefined control sequence.
<argument> ...rtpbox {\@nextchar }\insert@pcolumn 
                                                  \@endpbox \do@row@strut \o...
l.199 \begin{DoxyEnumFields}[2]{Aufzählungswerte}
                                                  
The control sequence at the end of the top line
of your error message was never \def'ed. If you have
misspelled it (e.g., `\hobx'), type `I' and the correct
spelling (e.g., `I\hbox'). Otherwise just continue,
and I'll forget about whatever was undefined.

! Missing # inserted in alignment preamble.
<to be read again> 
                   &
l.224 \end{DoxyEnumFields}
                          
There should be exactly one # between &'s, when an
\halign or \valign is being set up. In this case you had
none, so I've put one in; maybe that will work.

! Missing # inserted in alignment preamble.
<to be read again> 
                   \cr 
l.224 \end{DoxyEnumFields}
                          
There should be exactly one # between &'s, when an
\halign or \valign is being set up. In this case you had
none, so I've put one in; maybe that will work.

! Missing # inserted in alignment preamble.
<to be read again> 
                   &
l.224 \end{DoxyEnumFields}
                          
There should be exactly one # between &'s, when an
\halign or \valign is being set up. In this case you had
none, so I've put one in; maybe that will work.

! Missing # inserted in alignment preamble.
<to be read again> 
                   \cr 
l.224 \end{DoxyEnumFields}
                          
There should be exactly one # between &'s, when an
\halign or \valign is being set up. In this case you had
none, so I've put one in; maybe that will work.

! Missing # inserted in alignment preamble.
<to be read again> 
                   &
l.224 \end{DoxyEnumFields}
                          
There should be exactly one # between &'s, when an
\halign or \valign is being set up. In this case you had
none, so I've put one in; maybe that will work.

! Missing # inserted in alignment preamble.
<to be read again> 
                   \cr 
l.224 \end{DoxyEnumFields}
                          
There should be exactly one # between &'s, when an
\halign or \valign is being set up. In this case you had
none, so I've put one in; maybe that will work.

! Missing # inserted in alignment preamble.
<to be read again> 
                   &
l.224 \end{DoxyEnumFields}
                          
There should be exactly one # between &'s, when an
\halign or \valign is being set up. In this case you had
none, so I've put one in; maybe that will work.

! Missing # inserted in alignment preamble.
<to be read again> 
                   \cr 
l.224 \end{DoxyEnumFields}
                          
There should be exactly one # between &'s, when an
\halign or \valign is being set up. In this case you had
none, so I've put one in; maybe that will work.

! Missing # inserted in alignment preamble.
<to be read again> 
                   &
l.224 \end{DoxyEnumFields}
                          
There should be exactly one # between &'s, when an
\halign or \valign is being set up. In this case you had
none, so I've put one in; maybe that will work.

! Missing # inserted in alignment preamble.
<to be read again> 
                   \cr 
l.224 \end{DoxyEnumFields}
                          
There should be exactly one # between &'s, when an
\halign or \valign is being set up. In this case you had
none, so I've put one in; maybe that will work.

! Missing # inserted in alignment preamble.
<to be read again> 
                   &
l.224 \end{DoxyEnumFields}
                          
There should be exactly one # between &'s, when an
\halign or \valign is being set up. In this case you had
none, so I've put one in; maybe that will work.

! Missing # inserted in alignment preamble.
<to be read again> 
                   \cr 
l.224 \end{DoxyEnumFields}
                          
There should be exactly one # between &'s, when an
\halign or \valign is being set up. In this case you had
none, so I've put one in; maybe that will work.

! Missing # inserted in alignment preamble.
<to be read again> 
                   &
l.224 \end{DoxyEnumFields}
                          
There should be exactly one # between &'s, when an
\halign or \valign is being set up. In this case you had
none, so I've put one in; maybe that will work.

! Missing # inserted in alignment preamble.
<to be read again> 
                   \cr 
l.224 \end{DoxyEnumFields}
                          
There should be exactly one # between &'s, when an
\halign or \valign is being set up. In this case you had
none, so I've put one in; maybe that will work.

! Missing # inserted in alignment preamble.
<to be read again> 
                   &
l.224 \end{DoxyEnumFields}
                          
There should be exactly one # between &'s, when an
\halign or \valign is being set up. In this case you had
none, so I've put one in; maybe that will work.

! Missing # inserted in alignment preamble.
<to be read again> 
                   \cr 
l.224 \end{DoxyEnumFields}
                          
There should be exactly one # between &'s, when an
\halign or \valign is being set up. In this case you had
none, so I've put one in; maybe that will work.

! Missing # inserted in alignment preamble.
<to be read again> 
                   &
l.224 \end{DoxyEnumFields}
                          
There should be exactly one # between &'s, when an
\halign or \valign is being set up. In this case you had
none, so I've put one in; maybe that will work.

! Missing # inserted in alignment preamble.
<to be read again> 
                   \cr 
l.224 \end{DoxyEnumFields}
                          
There should be exactly one # between &'s, when an
\halign or \valign is being set up. In this case you had
none, so I've put one in; maybe that will work.


Package longtable Warning: Column widths have changed
(longtable)                in table 6.4 on input line 224.

) (./_types_8hpp_source.tex

[103]

[104]) (./_utilities_8cpp.tex <./_utilities_8cpp__incl.pdf>
<_utilities_8cpp__incl.pdf, id=3608, 148.555pt x 264.99pt>
File: _utilities_8cpp__incl.pdf Graphic file (type pdf)
<use _utilities_8cpp__incl.pdf>
Package pdftex.def Info: _utilities_8cpp__incl.pdf  used on input line 8.
(pdftex.def)             Requested size: 148.0pt x 264.01083pt.


[105]) (./_utilities_8hpp.tex <./_utilities_8hpp__incl.pdf>
<_utilities_8hpp__incl.pdf, id=3633, 148.555pt x 209.78375pt>
File: _utilities_8hpp__incl.pdf Graphic file (type pdf)
<use _utilities_8hpp__incl.pdf>
Package pdftex.def Info: _utilities_8hpp__incl.pdf  used on input line 8.
(pdftex.def)             Requested size: 148.0pt x 209.00856pt.


[106] <./_utilities_8hpp__dep__incl.pdf>
<_utilities_8hpp__dep__incl.pdf, id=3652, 583.17876pt x 264.99pt>
File: _utilities_8hpp__dep__incl.pdf Graphic file (type pdf)
<use _utilities_8hpp__dep__incl.pdf>
Package pdftex.def Info: _utilities_8hpp__dep__incl.pdf  used on input line 15.

(pdftex.def)             Requested size: 350.0pt x 159.0397pt.
) (./_utilities_8hpp_source.tex

[107])

[108]
No file refman.ind.

Package longtable Warning: Table widths have changed. Rerun LaTeX.

(./refman.aux)
 ***********
LaTeX2e <2025-06-01> patch level 1
L3 programming layer <2025-07-20>
 ***********


LaTeX Warning: There were undefined references.


LaTeX Warning: Label(s) may have changed. Rerun to get cross-references right.


Package rerunfilecheck Warning: File `refman.out' has changed.
(rerunfilecheck)                Rerun to get outlines right
(rerunfilecheck)                or use package `bookmark'.

Package rerunfilecheck Info: Checksums for `refman.out':
(rerunfilecheck)             Before: <no file>
(rerunfilecheck)             After:  8AF2F0E3EB5A6D10DDCEAB01CCA120A4;65683.
 ) 
Here is how much of TeX's memory you used:
 22084 strings out of 467801
 423796 string characters out of 5436089
 780327 words of memory out of 5000000
 49204 multiletter control sequences out of 15000+600000
 681980 words of font info for 110 fonts, out of 8000000 for 9000
 1141 hyphenation exceptions out of 8191
 101i,16n,117p,880b,789s stack positions out of 10000i,1000n,20000p,200000b,200000s
<c:/texlive/2025/texmf-dist/fonts/type1/public/amsfonts/cm/cmmi10.pfb><c:/tex
live/2025/texmf-dist/fonts/type1/public/amsfonts/cm/cmmi7.pfb><c:/texlive/2025/
texmf-dist/fonts/type1/public/amsfonts/cm/cmmi8.pfb><c:/texlive/2025/texmf-dist
/fonts/type1/public/amsfonts/cm/cmsy10.pfb><c:/texlive/2025/texmf-dist/fonts/ty
pe1/public/amsfonts/cm/cmsy7.pfb><c:/texlive/2025/texmf-dist/fonts/type1/public
/amsfonts/cm/cmsy8.pfb><c:/texlive/2025/texmf-dist/fonts/type1/urw/courier/ucrb
8a.pfb><c:/texlive/2025/texmf-dist/fonts/type1/urw/courier/ucrr8a.pfb><c:/texli
ve/2025/texmf-dist/fonts/type1/urw/courier/ucrro8a.pfb><c:/texlive/2025/texmf-d
ist/fonts/type1/urw/helvetic/uhvb8a.pfb><c:/texlive/2025/texmf-dist/fonts/type1
/urw/helvetic/uhvb8ac.pfb><c:/texlive/2025/texmf-dist/fonts/type1/urw/helvetic/
uhvr8a.pfb><c:/texlive/2025/texmf-dist/fonts/type1/urw/helvetic/uhvro8a.pfb>
Output written on refman.pdf (110 pages, 2183975 bytes).
PDF statistics:
 3987 PDF objects out of 4296 (max. 8388607)
 3434 compressed objects within 35 object streams
 1081 named destinations out of 1200 (max. 500000)
 571 words of extra memory for PDF output out of 10000 (max. 10000000)

